station_id,station_name,date,temp_max_f,temp_min_f,precipitation_in,wind_avg_mph,wind_max_mph,visibility_mi
KATL,ATLANTA HARTSFIELD INTL,01/01/2024,54.8,34.4,0.34,6.2,10.7,10.0
KDEN,DENVER INTL AP,01/01/2024,29.2,18.2,0.0,8.9,17.9,10.0
KDFW,DALLAS FT WORTH INTL,01/01/2024,46.1,33.5,0.0,9.5,13.0,10.0
KJFK,NEW YORK JFK INTL AP,01/01/2024,36.5,18.8,0.26,6.1,10.6,10.0
KLAX,LOS ANGELES INTL AP,01/01/2024,67.8,52.0,,12.0,18.6,0.7
KMIA,MIAMI INTERNATIONAL AP,01/01/2024,75.1,64.5,0.0,10.5,20.3,10.0
KORD,CHICAGO OHARE INTL AP,01/01/2024,30.9,19.4,0.0,9.4,18.6,10.0
KPHX,PHOENIX SKY HARBOR,01/01/2024,65.0,40.0,0.0,,14.1,10.0
KSEA,SEATTLE TACOMA INTL,01/01/2024,48.2,33.0,0.0,8.3,16.8,10.0
KSFO,SAN FRANCISCO INTL,01/01/2024,62.2,49.5,0.71,10.0,18.4,10.0
KATL,ATLANTA HARTSFIELD INTL,01/02/2024,54.3,38.8,0.0,10.4,14.2,10.0
KDEN,DENVER INTL AP,01/02/2024,59.9,17.7,0.0,11.8,21.3,10.0
KDFW,DALLAS FT WORTH INTL,01/02/2024,60.8,40.5,0.0,9.7,13.8,10.0
KJFK,NEW YORK JFK INTL AP,01/02/2024,48.7,26.9,0.0,4.5,8.0,10.0
KLAX,LOS ANGELES INTL AP,01/02/2024,69.7,48.7,0.52,7.7,17.2,10.0
KMIA,MIAMI INTERNATIONAL AP,01/02/2024,72.4,67.4,0.07,11.1,20.4,10.0
KORD,CHICAGO OHARE INTL AP,01/02/2024,34.2,25.7,0.54,5.7,9.6,10.0
KPHX,PHOENIX SKY HARBOR,01/02/2024,67.8,38.8,0.0,11.0,20.8,10.0
KSEA,SEATTLE TACOMA INTL,01/02/2024,,38.5,0.0,10.8,17.3,10.0
KSFO,SAN FRANCISCO INTL,01/02/2024,64.3,41.7,0.0,9.6,16.9,10.0
KATL,ATLANTA HARTSFIELD INTL,01/03/2024,57.7,33.0,0.62,6.8,13.4,10.0
KDEN,DENVER INTL AP,01/03/2024,40.3,21.8,0.0,8.8,15.4,10.0
KDFW,DALLAS FT WORTH INTL,01/03/2024,59.5,42.8,0.0,9.3,13.2,10.0
KJFK,NEW YORK JFK INTL AP,01/03/2024,35.8,30.8,0.0,10.7,15.8,10.0
KLAX,LOS ANGELES INTL AP,01/03/2024,64.5,46.6,0.0,10.5,18.8,10.0
KMIA,MIAMI INTERNATIONAL AP,01/03/2024,78.8,55.9,0.0,7.5,15.5,10.0
KORD,CHICAGO OHARE INTL AP,01/03/2024,36.5,12.1,0.0,10.5,15.4,10.0
KPHX,PHOENIX SKY HARBOR,01/03/2024,64.5,40.8,0.0,8.7,16.6,10.0
KSEA,SEATTLE TACOMA INTL,01/03/2024,58.3,35.2,0.61,7.5,16.2,10.0
KSFO,SAN FRANCISCO INTL,01/03/2024,62.4,39.7,0.0,5.2,13.0,10.0
KATL,ATLANTA HARTSFIELD INTL,01/04/2024,52.6,27.7,0.22,6.6,12.8,10.0
KDEN,DENVER INTL AP,01/04/2024,21.5,16.5,0.0,9.2,17.5,10.0
KDFW,DALLAS FT WORTH INTL,01/04/2024,60.7,37.7,0.0,11.7,15.5,10.0
KJFK,NEW YORK JFK INTL AP,01/04/2024,41.0,23.0,0.0,10.4,19.0,10.0
KLAX,LOS ANGELES INTL AP,01/04/2024,69.1,57.7,0.0,9.9,19.7,10.0
KMIA,MIAMI INTERNATIONAL AP,01/04/2024,66.3,61.3,0.0,6.0,9.8,10.0
KORD,CHICAGO OHARE INTL AP,01/04/2024,26.1,,0.0,6.2,12.6,10.0
KPHX,PHOENIX SKY HARBOR,01/04/2024,58.9,36.0,0.0,6.4,14.4,10.0
KSEA,SEATTLE TACOMA INTL,01/04/2024,58.1,36.4,0.0,9.2,15.6,10.0
KATL,ATLANTA HARTSFIELD INTL,01/05/2024,57.1,29.9,0.0,6.4,13.5,10.0
KDEN,DENVER INTL AP,01/05/2024,40.0,10.6,1.61,19.4,32.9,3.8
KDFW,DALLAS FT WORTH INTL,01/05/2024,60.6,35.2,0.64,8.8,17.6,10.0
KJFK,NEW YORK JFK INTL AP,01/05/2024,31.0,19.1,0.19,9.4,18.4,10.0
KLAX,LOS ANGELES INTL AP,01/05/2024,68.1,49.9,0.28,6.7,14.4,10.0
KMIA,MIAMI INTERNATIONAL AP,01/05/2024,71.0,66.0,0.0,7.7,11.7,10.0
KORD,CHICAGO OHARE INTL AP,01/05/2024,27.2,7.1,2.37,22.2,44.5,2.6
KPHX,PHOENIX SKY HARBOR,01/05/2024,56.9,44.2,0.0,7.9,11.9,10.0
KSEA,SEATTLE TACOMA INTL,01/05/2024,38.6,33.6,0.14,8.4,15.3,10.0
KSFO,SAN FRANCISCO INTL,01/05/2024,58.8,42.0,0.0,4.0,13.1,10.0
KATL,ATLANTA HARTSFIELD INTL,01/06/2024,66.4,42.8,0.0,11.8,15.3,10.0
KDEN,DENVER INTL AP,01/06/2024,40.8,15.4,0.0,4.3,7.8,10.0
KDFW,DALLAS FT WORTH INTL,01/06/2024,57.8,34.2,0.0,7.4,12.1,10.0
KJFK,NEW YORK JFK INTL AP,01/06/2024,40.1,27.4,0.02,10.4,19.7,10.0
KLAX,LOS ANGELES INTL AP,01/06/2024,63.0,58.0,,6.4,14.3,3.4
KMIA,MIAMI INTERNATIONAL AP,01/06/2024,76.3,63.3,0.0,10.9,19.0,10.0
KORD,CHICAGO OHARE INTL AP,01/06/2024,34.3,19.5,0.38,11.3,17.0,10.0
KPHX,PHOENIX SKY HARBOR,01/06/2024,69.8,38.9,0.0,4.2,13.4,10.0
KSEA,SEATTLE TACOMA INTL,01/06/2024,53.5,40.5,0.63,11.0,16.6,10.0
KSFO,SAN FRANCISCO INTL,01/06/2024,62.6,40.2,0.0,9.1,16.4,10.0
KATL,ATLANTA HARTSFIELD INTL,01/07/2024,54.3,28.6,0.0,11.6,20.6,10.0
KDEN,DENVER INTL AP,01/07/2024,55.6,16.8,0.0,11.8,15.2,10.0
KDFW,DALLAS FT WORTH INTL,01/07/2024,59.4,,0.11,6.0,10.2,10.0
KJFK,NEW YORK JFK INTL AP,01/07/2024,39.6,19.7,0.0,8.1,11.9,10.0
KLAX,LOS ANGELES INTL AP,01/07/2024,54.6,49.6,,11.2,16.5,0.9
KMIA,MIAMI INTERNATIONAL AP,01/07/2024,85.4,56.5,0.0,8.6,13.1,10.0
KORD,CHICAGO OHARE INTL AP,01/07/2024,42.8,21.1,0.2,8.3,14.0,10.0
KSEA,SEATTLE TACOMA INTL,01/07/2024,52.0,37.0,0.0,7.0,10.9,10.0
KSFO,SAN FRANCISCO INTL,01/07/2024,66.9,46.2,0.0,9.8,14.3,10.0
KATL,ATLANTA HARTSFIELD INTL,01/08/2024,64.2,34.1,0.0,5.7,12.3,10.0
KDEN,DENVER INTL AP,01/08/2024,43.8,19.7,0.21,6.6,9.7,10.0
KDFW,DALLAS FT WORTH INTL,01/08/2024,55.6,33.2,0.0,7.2,14.7,10.0
KJFK,NEW YORK JFK INTL AP,01/08/2024,48.4,36.1,0.0,7.2,12.4,10.0
KLAX,LOS ANGELES INTL AP,01/08/2024,69.9,50.5,,5.2,13.5,3.8
KMIA,MIAMI INTERNATIONAL AP,01/08/2024,73.0,65.1,0.0,8.2,12.3,10.0
KORD,CHICAGO OHARE INTL AP,01/08/2024,30.0,19.7,0.6,5.7,11.6,10.0
KPHX,PHOENIX SKY HARBOR,01/08/2024,60.0,46.3,0.0,5.2,8.8,10.0
KSEA,SEATTLE TACOMA INTL,01/08/2024,46.4,27.2,0.0,8.6,12.9,10.0
KSFO,SAN FRANCISCO INTL,01/08/2024,49.7,39.1,,6.4,11.3,2.3
KATL,ATLANTA HARTSFIELD INTL,01/09/2024,59.7,42.0,0.0,8.1,14.9,10.0
KDEN,DENVER INTL AP,01/09/2024,49.9,10.3,0.0,7.3,15.0,10.0
KDFW,DALLAS FT WORTH INTL,01/09/2024,50.5,34.2,0.0,10.2,16.7,10.0
KJFK,NEW YORK JFK INTL AP,01/09/2024,41.1,22.6,0.61,6.2,15.5,10.0
KMIA,MIAMI INTERNATIONAL AP,01/09/2024,71.3,62.8,0.63,6.8,14.9,10.0
KORD,CHICAGO OHARE INTL AP,01/09/2024,31.6,16.3,0.0,10.6,18.8,10.0
KPHX,PHOENIX SKY HARBOR,01/09/2024,62.9,49.2,0.0,11.5,14.8,10.0
KSEA,SEATTLE TACOMA INTL,01/09/2024,43.3,38.1,0.0,5.5,13.2,10.0
KSFO,SAN FRANCISCO INTL,01/09/2024,53.0,48.0,0.0,4.9,9.9,10.0
KATL,ATLANTA HARTSFIELD INTL,01/10/2024,52.9,37.7,0.0,12.0,16.3,10.0
KDEN,DENVER INTL AP,01/10/2024,46.0,16.9,0.0,6.2,16.1,10.0
KDFW,DALLAS FT WORTH INTL,01/10/2024,62.0,37.0,0.0,8.5,15.7,10.0
KJFK,NEW YORK JFK INTL AP,01/10/2024,39.6,34.6,0.0,11.3,15.1,10.0
KLAX,LOS ANGELES INTL AP,01/10/2024,66.0,57.4,,6.6,12.0,2.4
KMIA,MIAMI INTERNATIONAL AP,01/10/2024,68.5,63.5,0.0,10.8,15.6,10.0
KORD,CHICAGO OHARE INTL AP,01/10/2024,32.8,27.3,0.0,10.9,16.2,10.0
KPHX,PHOENIX SKY HARBOR,01/10/2024,56.6,34.3,0.69,4.6,14.2,10.0
KSEA,SEATTLE TACOMA INTL,01/10/2024,52.8,31.8,0.66,8.4,15.5,10.0
KSFO,SAN FRANCISCO INTL,01/10/2024,59.0,47.4,0.0,7.0,15.6,10.0
KATL,ATLANTA HARTSFIELD INTL,01/11/2024,56.0,27.1,0.11,7.6,11.6,10.0
KDEN,DENVER INTL AP,01/11/2024,41.5,12.9,0.0,8.0,13.2,10.0
KDFW,DALLAS FT WORTH INTL,01/11/2024,53.8,34.9,0.22,6.9,12.7,10.0
KJFK,NEW YORK JFK INTL AP,01/11/2024,36.6,31.6,0.0,7.2,15.8,10.0
KLAX,LOS ANGELES INTL AP,01/11/2024,73.1,49.0,0.0,6.5,12.3,10.0
KMIA,MIAMI INTERNATIONAL AP,01/11/2024,71.1,55.4,0.0,7.8,13.4,10.0
KORD,CHICAGO OHARE INTL AP,01/11/2024,23.5,18.5,0.0,6.4,9.9,10.0
KPHX,PHOENIX SKY HARBOR,01/11/2024,63.2,45.0,0.0,10.2,18.1,10.0
KSEA,SEATTLE TACOMA INTL,01/11/2024,39.1,34.1,0.0,4.9,8.0,10.0
KSFO,SAN FRANCISCO INTL,01/11/2024,54.6,49.0,0.0,11.0,18.4,10.0
KATL,ATLANTA HARTSFIELD INTL,01/12/2024,62.1,35.9,0.09,6.6,12.9,10.0
KDEN,DENVER INTL AP,01/12/2024,44.3,17.8,0.0,11.3,14.9,10.0
KDFW,DALLAS FT WORTH INTL,01/12/2024,49.4,40.6,0.0,6.3,9.6,10.0
KJFK,NEW YORK JFK INTL AP,01/12/2024,40.7,19.9,1.31,18.9,31.7,3.9
KLAX,LOS ANGELES INTL AP,01/12/2024,78.3,49.9,0.0,5.9,14.2,10.0
KMIA,MIAMI INTERNATIONAL AP,01/12/2024,75.1,58.9,0.0,9.7,16.1,10.0
KORD,CHICAGO OHARE INTL AP,01/12/2024,20.2,2.2,0.94,19.3,40.0,2.4
KPHX,PHOENIX SKY HARBOR,01/12/2024,70.1,44.2,0.0,9.6,16.4,10.0
KSEA,SEATTLE TACOMA INTL,01/12/2024,48.1,30.7,0.0,11.0,14.6,10.0
KSFO,SAN FRANCISCO INTL,01/12/2024,67.6,48.2,0.0,9.5,17.0,10.0
KATL,ATLANTA HARTSFIELD INTL,01/13/2024,49.3,41.8,0.0,9.8,15.8,10.0
KDEN,DENVER INTL AP,01/13/2024,47.5,7.9,0.17,4.8,8.0,10.0
KDFW,DALLAS FT WORTH INTL,01/13/2024,56.4,41.3,0.0,10.2,18.9,10.0
KJFK,NEW YORK JFK INTL AP,01/13/2024,45.8,19.7,0.0,11.8,21.4,10.0
KLAX,LOS ANGELES INTL AP,01/13/2024,61.9,50.4,0.0,7.3,14.0,10.0
KMIA,MIAMI INTERNATIONAL AP,01/13/2024,70.5,64.2,0.22,11.5,18.6,10.0
KORD,CHICAGO OHARE INTL AP,01/13/2024,30.9,21.7,0.0,11.0,20.3,10.0
KPHX,PHOENIX SKY HARBOR,01/13/2024,72.8,37.4,0.0,6.8,10.8,10.0
KSEA,SEATTLE TACOMA INTL,01/13/2024,47.3,35.0,0.38,9.2,14.4,10.0
KSFO,SAN FRANCISCO INTL,01/13/2024,52.3,47.3,0.61,9.8,16.7,10.0
KATL,ATLANTA HARTSFIELD INTL,01/14/2024,54.9,37.6,0.65,9.4,18.0,10.0
KDEN,DENVER INTL AP,01/14/2024,,22.5,0.0,5.8,13.6,10.0
KDFW,DALLAS FT WORTH INTL,01/14/2024,49.2,34.2,0.0,11.2,20.6,10.0
KJFK,NEW YORK JFK INTL AP,01/14/2024,51.9,26.4,0.77,8.7,17.0,10.0
KLAX,LOS ANGELES INTL AP,01/14/2024,68.8,49.1,,6.8,10.5,0.8
KMIA,MIAMI INTERNATIONAL AP,01/14/2024,92.1,61.7,0.0,5.4,11.1,10.0
KORD,CHICAGO OHARE INTL AP,01/14/2024,39.3,12.9,0.0,,13.9,10.0
KPHX,PHOENIX SKY HARBOR,01/14/2024,64.9,40.7,0.0,4.1,9.9,10.0
KSEA,SEATTLE TACOMA INTL,01/14/2024,56.1,,0.36,8.4,14.3,10.0
KSFO,SAN FRANCISCO INTL,01/14/2024,56.3,45.1,0.0,9.3,12.9,10.0
KATL,ATLANTA HARTSFIELD INTL,01/15/2024,55.6,21.1,0.0,9.7,15.8,10.0
KDEN,DENVER INTL AP,01/15/2024,42.4,21.7,0.0,8.8,15.9,10.0
KDFW,DALLAS FT WORTH INTL,01/15/2024,51.8,39.4,0.0,4.4,14.3,10.0
KJFK,NEW YORK JFK INTL AP,01/15/2024,39.1,20.9,0.0,7.7,15.5,10.0
KLAX,LOS ANGELES INTL AP,01/15/2024,71.4,49.3,0.0,7.5,15.4,10.0
KMIA,MIAMI INTERNATIONAL AP,01/15/2024,77.7,64.9,0.0,10.4,19.8,10.0
KORD,CHICAGO OHARE INTL AP,01/15/2024,28.7,19.9,0.32,6.6,14.7,10.0
KPHX,PHOENIX SKY HARBOR,01/15/2024,70.2,39.1,0.0,12.0,18.9,10.0
KSEA,SEATTLE TACOMA INTL,01/15/2024,42.8,37.4,0.0,5.5,10.8,10.0
KSFO,SAN FRANCISCO INTL,01/15/2024,55.1,40.3,0.0,7.7,16.3,10.0
KATL,ATLANTA HARTSFIELD INTL,01/16/2024,48.5,32.3,0.62,10.6,16.2,10.0
KDEN,DENVER INTL AP,01/16/2024,36.7,31.7,0.0,7.5,17.5,10.0
KDFW,DALLAS FT WORTH INTL,01/16/2024,42.4,34.5,0.0,5.3,15.2,10.0
KJFK,NEW YORK JFK INTL AP,01/16/2024,48.5,19.0,0.69,6.0,14.0,10.0
KLAX,LOS ANGELES INTL AP,01/16/2024,70.4,52.8,,11.6,16.9,3.2
KMIA,MIAMI INTERNATIONAL AP,01/16/2024,76.7,67.7,0.0,5.1,9.7,10.0
KORD,CHICAGO OHARE INTL AP,01/16/2024,29.6,20.1,0.0,7.9,15.9,10.0
KPHX,PHOENIX SKY HARBOR,01/16/2024,66.8,42.9,0.0,10.5,19.6,10.0
KSEA,SEATTLE TACOMA INTL,01/16/2024,44.6,29.4,0.7,11.0,14.7,10.0
KSFO,SAN FRANCISCO INTL,01/16/2024,64.5,44.6,0.44,5.0,14.0,10.0
KATL,ATLANTA HARTSFIELD INTL,01/17/2024,53.8,34.1,0.0,11.0,15.4,10.0
KDEN,DENVER INTL AP,01/17/2024,46.4,19.0,0.0,11.9,21.4,10.0
KDFW,DALLAS FT WORTH INTL,01/17/2024,58.2,44.2,0.0,6.3,14.3,10.0
KJFK,NEW YORK JFK INTL AP,01/17/2024,38.0,24.3,0.0,9.1,17.9,10.0
KLAX,LOS ANGELES INTL AP,01/17/2024,74.2,54.6,0.12,4.1,10.6,10.0
KMIA,MIAMI INTERNATIONAL AP,01/17/2024,,66.1,0.0,5.4,14.0,10.0
KORD,CHICAGO OHARE INTL AP,01/17/2024,26.1,18.8,0.0,4.7,8.4,10.0
KPHX,PHOENIX SKY HARBOR,01/17/2024,62.1,45.5,0.0,12.0,20.4,10.0
KSEA,SEATTLE TACOMA INTL,01/17/2024,49.6,44.6,0.74,5.4,15.1,10.0
KSFO,SAN FRANCISCO INTL,01/17/2024,59.0,42.8,0.57,8.6,12.1,10.0
KATL,ATLANTA HARTSFIELD INTL,01/18/2024,55.6,39.0,0.0,8.6,15.1,10.0
KDEN,DENVER INTL AP,01/18/2024,39.9,19.9,0.0,6.2,9.7,10.0
KDFW,DALLAS FT WORTH INTL,01/18/2024,57.5,31.5,0.0,6.4,14.3,10.0
KJFK,NEW YORK JFK INTL AP,01/18/2024,39.0,25.2,0.0,7.6,15.8,10.0
KLAX,LOS ANGELES INTL AP,01/18/2024,59.0,49.8,,4.6,14.6,2.8
KMIA,MIAMI INTERNATIONAL AP,01/18/2024,79.1,71.4,0.0,4.5,14.4,10.0
KORD,CHICAGO OHARE INTL AP,01/18/2024,37.6,11.0,0.0,10.8,18.9,10.0
KPHX,PHOENIX SKY HARBOR,01/18/2024,61.7,37.3,0.0,,21.4,10.0
KSEA,SEATTLE TACOMA INTL,01/18/2024,46.0,40.5,0.0,10.4,19.0,10.0
KSFO,SAN FRANCISCO INTL,01/18/2024,47.7,42.7,0.0,6.8,16.2,10.0
KATL,ATLANTA HARTSFIELD INTL,01/19/2024,48.9,33.6,0.47,11.3,19.7,10.0
KDEN,DENVER INTL AP,01/19/2024,36.6,8.2,0.68,,49.9,4.7
KDFW,DALLAS FT WORTH INTL,01/19/2024,41.9,14.4,2.43,18.3,36.8,4.7
KJFK,NEW YORK JFK INTL AP,01/19/2024,35.9,22.7,0.56,6.8,15.3,10.0
KLAX,LOS ANGELES INTL AP,01/19/2024,55.7,39.4,0.0,4.6,13.5,10.0
KMIA,MIAMI INTERNATIONAL AP,01/19/2024,76.3,67.8,0.0,9.1,14.8,10.0
KORD,CHICAGO OHARE INTL AP,01/19/2024,34.9,15.3,0.0,11.8,18.6,10.0
KPHX,PHOENIX SKY HARBOR,01/19/2024,66.2,41.1,0.0,8.7,15.6,10.0
KSEA,SEATTLE TACOMA INTL,01/19/2024,51.1,30.9,0.3,7.4,12.5,10.0
KSFO,SAN FRANCISCO INTL,01/19/2024,68.8,44.9,0.0,7.5,15.1,10.0
KATL,ATLANTA HARTSFIELD INTL,01/20/2024,54.0,33.7,0.0,6.6,14.7,10.0
KDEN,DENVER INTL AP,01/20/2024,43.2,11.5,0.46,8.7,18.5,10.0
KDFW,DALLAS FT WORTH INTL,01/20/2024,56.9,33.9,0.0,9.5,12.8,10.0
KJFK,NEW YORK JFK INTL AP,01/20/2024,39.3,31.6,0.0,5.8,10.9,10.0
KLAX,LOS ANGELES INTL AP,01/20/2024,67.1,52.0,,6.5,13.0,3.5
KMIA,MIAMI INTERNATIONAL AP,01/20/2024,74.2,57.8,0.0,6.4,16.2,10.0
KORD,CHICAGO OHARE INTL AP,01/20/2024,40.7,18.7,0.0,10.4,18.1,10.0
KPHX,PHOENIX SKY HARBOR,01/20/2024,62.1,57.1,0.0,8.8,13.8,10.0
KSFO,SAN FRANCISCO INTL,01/20/2024,58.5,39.7,0.0,5.0,8.2,10.0
KATL,ATLANTA HARTSFIELD INTL,01/21/2024,48.0,23.9,0.0,9.5,17.0,10.0
KDEN,DENVER INTL AP,01/21/2024,46.8,24.6,0.0,5.5,13.3,10.0
KDFW,DALLAS FT WORTH INTL,01/21/2024,65.7,33.4,0.0,7.8,12.2,10.0
KJFK,NEW YORK JFK INTL AP,01/21/2024,37.3,29.0,0.58,10.2,16.6,10.0
KLAX,LOS ANGELES INTL AP,01/21/2024,68.4,47.5,0.0,7.8,10.8,10.0
KORD,CHICAGO OHARE INTL AP,01/21/2024,38.3,20.0,0.0,10.4,19.0,10.0
KPHX,PHOENIX SKY HARBOR,01/21/2024,75.9,44.6,0.0,11.2,17.8,10.0
KSEA,SEATTLE TACOMA INTL,01/21/2024,44.4,39.4,0.19,11.9,16.4,10.0
KSFO,SAN FRANCISCO INTL,01/21/2024,57.2,52.2,0.0,8.7,12.9,10.0
KATL,ATLANTA HARTSFIELD INTL,01/22/2024,46.9,30.5,0.0,6.1,9.5,10.0
KDEN,DENVER INTL AP,01/22/2024,48.3,21.0,0.0,11.2,20.9,10.0
KDFW,DALLAS FT WORTH INTL,01/22/2024,48.0,37.2,0.0,4.5,14.1,10.0
KJFK,NEW YORK JFK INTL AP,01/22/2024,35.9,19.6,0.0,7.9,14.3,10.0
KLAX,LOS ANGELES INTL AP,01/22/2024,65.7,53.3,0.0,7.5,15.6,10.0
KMIA,MIAMI INTERNATIONAL AP,01/22/2024,77.4,59.4,0.0,9.7,15.2,10.0
KORD,CHICAGO OHARE INTL AP,01/22/2024,34.1,24.8,0.0,5.7,15.2,10.0
KPHX,PHOENIX SKY HARBOR,01/22/2024,71.0,49.3,0.0,4.9,12.2,10.0
KSEA,SEATTLE TACOMA INTL,01/22/2024,49.0,35.3,0.0,10.6,19.1,10.0
KSFO,SAN FRANCISCO INTL,01/22/2024,67.0,47.6,,5.9,15.7,1.3
KATL,ATLANTA HARTSFIELD INTL,01/23/2024,55.2,36.1,0.0,8.8,18.0,10.0
KDEN,DENVER INTL AP,01/23/2024,45.2,28.1,0.0,8.1,17.0,10.0
KDFW,DALLAS FT WORTH INTL,01/23/2024,51.7,44.2,0.0,6.6,10.4,10.0
KJFK,NEW YORK JFK INTL AP,01/23/2024,45.2,25.2,0.0,4.4,7.8,10.0
KLAX,LOS ANGELES INTL AP,01/23/2024,70.4,54.1,,9.9,16.8,3.2
KMIA,MIAMI INTERNATIONAL AP,01/23/2024,67.5,61.6,0.0,4.6,12.6,10.0
KORD,CHICAGO OHARE INTL AP,01/23/2024,38.1,18.3,0.0,7.7,14.8,10.0
KPHX,PHOENIX SKY HARBOR,01/23/2024,70.9,43.1,0.0,12.0,20.8,10.0
KSEA,SEATTLE TACOMA INTL,01/23/2024,46.1,41.1,0.23,6.1,10.2,10.0
KSFO,SAN FRANCISCO INTL,01/23/2024,57.2,50.0,0.0,11.0,19.8,10.0
KATL,ATLANTA HARTSFIELD INTL,01/24/2024,53.4,38.6,0.54,10.2,19.3,10.0
KDFW,DALLAS FT WORTH INTL,01/24/2024,59.0,25.7,0.0,9.6,13.1,10.0
KJFK,NEW YORK JFK INTL AP,01/24/2024,35.4,23.8,0.0,10.4,17.2,10.0
KLAX,LOS ANGELES INTL AP,01/24/2024,63.6,47.2,0.0,6.4,14.6,10.0
KMIA,MIAMI INTERNATIONAL AP,01/24/2024,70.6,63.0,0.0,7.8,13.9,10.0
KORD,CHICAGO OHARE INTL AP,01/24/2024,36.4,11.2,0.0,8.3,13.3,10.0
KPHX,PHOENIX SKY HARBOR,01/24/2024,71.3,45.7,0.0,4.2,11.3,10.0
KSEA,SEATTLE TACOMA INTL,01/24/2024,47.3,28.4,0.0,6.4,13.5,10.0
KSFO,SAN FRANCISCO INTL,01/24/2024,62.7,49.5,0.0,11.9,18.7,10.0
KATL,ATLANTA HARTSFIELD INTL,01/25/2024,50.3,34.0,0.0,7.9,13.4,10.0
KDEN,DENVER INTL AP,01/25/2024,37.1,23.2,0.0,4.8,14.6,10.0
KDFW,DALLAS FT WORTH INTL,01/25/2024,60.9,34.2,0.0,10.9,17.3,10.0
KJFK,NEW YORK JFK INTL AP,01/25/2024,37.3,26.6,0.0,7.3,12.6,10.0
KLAX,LOS ANGELES INTL AP,01/25/2024,70.3,48.3,0.0,5.4,15.1,10.0
KMIA,MIAMI INTERNATIONAL AP,01/25/2024,74.8,62.5,0.0,10.4,18.9,10.0
KORD,CHICAGO OHARE INTL AP,01/25/2024,38.1,18.7,0.0,5.1,11.6,10.0
KPHX,PHOENIX SKY HARBOR,01/25/2024,62.8,46.4,0.6,4.1,10.8,10.0
KSEA,SEATTLE TACOMA INTL,01/25/2024,48.8,32.6,0.5,,12.8,10.0
KSFO,SAN FRANCISCO INTL,01/25/2024,53.0,48.0,0.47,10.1,17.5,10.0
KATL,ATLANTA HARTSFIELD INTL,01/26/2024,48.8,36.0,0.0,4.8,11.4,10.0
KDEN,DENVER INTL AP,01/26/2024,50.2,17.8,0.19,4.6,7.9,10.0
KDFW,DALLAS FT WORTH INTL,01/26/2024,52.0,46.1,0.63,8.1,16.0,10.0
KJFK,NEW YORK JFK INTL AP,01/26/2024,33.9,28.9,0.0,4.5,8.1,10.0
KLAX,LOS ANGELES INTL AP,01/26/2024,65.8,48.6,0.0,6.7,10.5,10.0
KMIA,MIAMI INTERNATIONAL AP,01/26/2024,81.3,61.4,0.0,8.9,17.2,10.0
KORD,CHICAGO OHARE INTL AP,01/26/2024,29.2,24.2,0.55,10.0,15.9,10.0
KPHX,PHOENIX SKY HARBOR,01/26/2024,65.6,40.4,0.0,8.2,14.2,10.0
KSEA,SEATTLE TACOMA INTL,01/26/2024,48.3,26.8,0.7,26.2,50.2,1.8
KSFO,SAN FRANCISCO INTL,01/26/2024,48.4,27.2,0.56,16.0,35.5,3.7
KATL,ATLANTA HARTSFIELD INTL,01/27/2024,50.7,,0.09,6.2,10.9,10.0
KDEN,DENVER INTL AP,01/27/2024,50.0,17.3,0.0,6.4,13.3,10.0
KDFW,DALLAS FT WORTH INTL,01/27/2024,60.9,32.8,0.0,6.8,14.6,10.0
KJFK,NEW YORK JFK INTL AP,01/27/2024,34.1,26.6,0.51,5.2,9.4,10.0
KLAX,LOS ANGELES INTL AP,01/27/2024,72.3,50.8,0.0,10.0,16.6,10.0
KMIA,MIAMI INTERNATIONAL AP,01/27/2024,72.0,55.5,0.0,11.3,17.7,10.0
KORD,CHICAGO OHARE INTL AP,01/27/2024,30.4,15.9,0.3,10.9,15.2,10.0
KPHX,PHOENIX SKY HARBOR,01/27/2024,69.0,49.9,0.0,4.1,10.1,10.0
KSEA,SEATTLE TACOMA INTL,01/27/2024,52.5,36.3,0.0,10.9,17.2,10.0
KSFO,SAN FRANCISCO INTL,01/27/2024,64.8,50.0,0.0,4.2,10.0,10.0
KDEN,DENVER INTL AP,01/28/2024,43.9,20.8,0.0,7.0,14.9,10.0
KDFW,DALLAS FT WORTH INTL,01/28/2024,49.4,41.8,0.62,7.5,15.7,10.0
KJFK,NEW YORK JFK INTL AP,01/28/2024,42.0,22.2,0.0,5.0,11.4,10.0
KLAX,LOS ANGELES INTL AP,01/28/2024,69.0,56.0,0.0,7.8,15.0,10.0
KMIA,MIAMI INTERNATIONAL AP,01/28/2024,71.0,59.0,0.0,9.0,14.2,10.0
KORD,CHICAGO OHARE INTL AP,01/28/2024,31.4,10.5,0.5,8.1,16.7,10.0
KPHX,PHOENIX SKY HARBOR,01/28/2024,72.3,52.9,0.0,11.0,15.4,10.0
KSEA,SEATTLE TACOMA INTL,01/28/2024,58.6,35.0,0.59,6.2,15.0,10.0
KSFO,SAN FRANCISCO INTL,01/28/2024,54.8,47.5,0.0,6.5,13.4,10.0
KATL,ATLANTA HARTSFIELD INTL,01/29/2024,57.4,28.2,0.42,4.8,9.4,10.0
KDEN,DENVER INTL AP,01/29/2024,48.5,24.1,0.0,11.1,15.3,10.0
KDFW,DALLAS FT WORTH INTL,01/29/2024,47.3,33.6,0.0,5.9,12.7,10.0
KJFK,NEW YORK JFK INTL AP,01/29/2024,37.2,26.4,0.25,5.8,14.8,10.0
KLAX,LOS ANGELES INTL AP,01/29/2024,59.9,53.5,0.0,6.4,13.4,10.0
KMIA,MIAMI INTERNATIONAL AP,01/29/2024,75.6,66.8,0.0,4.4,10.2,10.0
KORD,CHICAGO OHARE INTL AP,01/29/2024,35.3,18.4,0.0,9.2,18.7,10.0
KPHX,PHOENIX SKY HARBOR,01/29/2024,57.9,,0.0,9.5,16.5,10.0
KSEA,SEATTLE TACOMA INTL,01/29/2024,45.2,32.5,0.0,6.6,14.5,10.0
KSFO,SAN FRANCISCO INTL,01/29/2024,62.1,47.7,0.0,4.6,8.0,10.0
KATL,ATLANTA HARTSFIELD INTL,01/30/2024,50.4,42.6,0.18,8.3,12.7,10.0
KDEN,DENVER INTL AP,01/30/2024,50.0,16.3,0.56,6.2,12.5,10.0
KDFW,DALLAS FT WORTH INTL,01/30/2024,45.1,38.1,0.0,8.8,12.4,10.0
KJFK,NEW YORK JFK INTL AP,01/30/2024,36.1,31.1,0.0,5.9,15.7,10.0
KLAX,LOS ANGELES INTL AP,01/30/2024,75.5,51.0,0.0,9.4,18.5,10.0
KMIA,MIAMI INTERNATIONAL AP,01/30/2024,73.2,65.4,0.0,9.5,15.8,10.0
KORD,CHICAGO OHARE INTL AP,01/30/2024,27.9,20.1,0.0,11.4,16.0,10.0
KPHX,PHOENIX SKY HARBOR,01/30/2024,62.1,55.0,0.0,5.6,10.0,10.0
KSEA,SEATTLE TACOMA INTL,01/30/2024,39.8,34.8,0.36,11.5,20.8,10.0
KSFO,SAN FRANCISCO INTL,01/30/2024,63.9,44.1,,9.6,16.3,4.0
KATL,ATLANTA HARTSFIELD INTL,01/31/2024,52.5,31.2,0.0,5.5,11.6,10.0
KDEN,DENVER INTL AP,01/31/2024,41.0,21.2,0.47,11.2,18.0,10.0
KDFW,DALLAS FT WORTH INTL,01/31/2024,58.1,40.7,0.37,6.9,13.6,10.0
KJFK,NEW YORK JFK INTL AP,01/31/2024,36.0,31.0,0.62,4.4,9.6,10.0
KLAX,LOS ANGELES INTL AP,01/31/2024,63.3,58.3,0.0,8.7,15.0,10.0
KMIA,MIAMI INTERNATIONAL AP,01/31/2024,73.6,56.6,0.0,7.9,15.7,10.0
KORD,CHICAGO OHARE INTL AP,01/31/2024,30.5,15.7,0.49,9.9,17.1,10.0
KPHX,PHOENIX SKY HARBOR,01/31/2024,62.7,36.5,0.0,9.7,19.6,10.0
KSEA,SEATTLE TACOMA INTL,01/31/2024,41.6,36.6,0.0,10.1,19.0,10.0
KSFO,SAN FRANCISCO INTL,01/31/2024,57.7,48.6,,8.8,14.1,0.9
KATL,ATLANTA HARTSFIELD INTL,02/01/2024,62.9,41.3,0.0,10.4,17.9,10.0
KDEN,DENVER INTL AP,02/01/2024,54.5,25.9,0.0,4.1,11.1,10.0
KDFW,DALLAS FT WORTH INTL,02/01/2024,72.2,34.5,0.0,9.6,14.8,10.0
KJFK,NEW YORK JFK INTL AP,02/01/2024,52.2,39.9,0.41,10.4,19.7,10.0
KLAX,LOS ANGELES INTL AP,02/01/2024,68.5,56.5,0.0,8.2,11.2,10.0
KMIA,MIAMI INTERNATIONAL AP,02/01/2024,88.3,63.4,0.0,6.7,11.1,10.0
KORD,CHICAGO OHARE INTL AP,02/01/2024,45.2,25.1,0.0,9.5,14.3,10.0
KPHX,PHOENIX SKY HARBOR,02/01/2024,73.9,45.3,0.0,5.8,14.8,10.0
KSEA,SEATTLE TACOMA INTL,02/01/2024,53.3,43.1,0.0,6.7,12.8,10.0
KSFO,SAN FRANCISCO INTL,02/01/2024,73.0,53.4,0.24,8.3,16.7,10.0
KATL,ATLANTA HARTSFIELD INTL,02/02/2024,54.0,29.5,0.0,6.7,15.4,10.0
KDEN,DENVER INTL AP,02/02/2024,53.2,18.4,0.0,6.6,10.3,10.0
KDFW,DALLAS FT WORTH INTL,02/02/2024,67.0,54.1,0.0,4.0,8.0,10.0
KJFK,NEW YORK JFK INTL AP,02/02/2024,56.2,26.7,0.0,11.3,21.2,10.0
KLAX,LOS ANGELES INTL AP,02/02/2024,74.9,63.5,0.0,9.6,15.4,10.0
KMIA,MIAMI INTERNATIONAL AP,02/02/2024,78.8,68.6,0.59,11.9,21.8,10.0
KORD,CHICAGO OHARE INTL AP,02/02/2024,40.8,28.3,0.0,6.3,11.7,10.0
KPHX,PHOENIX SKY HARBOR,02/02/2024,72.0,42.0,0.0,4.1,10.3,10.0
KSEA,SEATTLE TACOMA INTL,02/02/2024,61.9,42.9,0.16,8.8,15.8,10.0
KSFO,SAN FRANCISCO INTL,02/02/2024,61.2,56.2,0.02,9.2,13.2,10.0
KATL,ATLANTA HARTSFIELD INTL,02/03/2024,60.9,42.5,0.0,10.5,15.3,10.0
KDEN,DENVER INTL AP,02/03/2024,41.4,14.2,1.9,17.5,36.2,4.4
KDFW,DALLAS FT WORTH INTL,02/03/2024,68.2,36.8,0.0,4.1,13.6,10.0
KJFK,NEW YORK JFK INTL AP,02/03/2024,39.6,29.9,0.86,23.8,40.7,3.7
KLAX,LOS ANGELES INTL AP,02/03/2024,80.4,62.4,,6.3,10.7,0.8
KMIA,MIAMI INTERNATIONAL AP,02/03/2024,80.3,62.0,0.0,4.8,8.3,10.0
KORD,CHICAGO OHARE INTL AP,02/03/2024,21.0,14.4,1.56,24.8,39.2,3.9
KPHX,PHOENIX SKY HARBOR,02/03/2024,77.3,54.8,0.0,7.8,13.6,10.0
KSEA,SEATTLE TACOMA INTL,02/03/2024,57.3,47.4,0.0,6.1,14.8,10.0
KSFO,SAN FRANCISCO INTL,02/03/2024,74.1,56.0,0.0,11.2,19.1,10.0
KATL,ATLANTA HARTSFIELD INTL,02/04/2024,66.1,40.6,0.0,5.5,8.7,10.0
KDEN,DENVER INTL AP,02/04/2024,45.8,18.8,0.39,16.8,38.9,3.7
KDFW,DALLAS FT WORTH INTL,02/04/2024,58.8,47.8,0.51,11.2,19.9,10.0
KJFK,NEW YORK JFK INTL AP,02/04/2024,44.9,31.9,1.01,29.6,48.2,1.5
KLAX,LOS ANGELES INTL AP,02/04/2024,77.8,63.7,0.0,10.2,13.3,10.0
KMIA,MIAMI INTERNATIONAL AP,02/04/2024,81.9,69.6,0.0,5.7,10.5,10.0
KORD,CHICAGO OHARE INTL AP,02/04/2024,17.3,12.3,2.41,16.4,34.4,4.8
KPHX,PHOENIX SKY HARBOR,02/04/2024,73.3,54.8,0.0,9.4,14.7,10.0
KSEA,SEATTLE TACOMA INTL,02/04/2024,55.3,50.0,0.0,8.3,12.8,10.0
KATL,ATLANTA HARTSFIELD INTL,02/05/2024,60.0,36.2,0.0,10.3,17.8,10.0
KDEN,DENVER INTL AP,02/05/2024,53.7,30.5,0.0,11.0,15.7,10.0
KDFW,DALLAS FT WORTH INTL,02/05/2024,60.7,39.8,0.0,10.6,16.8,10.0
KJFK,NEW YORK JFK INTL AP,02/05/2024,48.0,34.4,0.0,,15.7,10.0
KLAX,LOS ANGELES INTL AP,02/05/2024,71.3,63.9,0.0,11.6,18.4,10.0
KMIA,MIAMI INTERNATIONAL AP,02/05/2024,77.3,67.1,0.0,11.1,15.4,10.0
KORD,CHICAGO OHARE INTL AP,02/05/2024,36.6,26.1,0.0,5.4,11.0,10.0
KPHX,PHOENIX SKY HARBOR,02/05/2024,92.5,57.9,0.0,11.5,17.8,10.0
KSEA,SEATTLE TACOMA INTL,02/05/2024,55.3,42.5,0.0,6.2,9.6,10.0
KSFO,SAN FRANCISCO INTL,02/05/2024,69.8,55.4,0.0,9.2,17.1,10.0
KATL,ATLANTA HARTSFIELD INTL,02/06/2024,59.4,48.0,0.43,5.5,9.7,10.0
KDEN,DENVER INTL AP,02/06/2024,52.1,28.2,0.0,6.8,12.4,10.0
KDFW,DALLAS FT WORTH INTL,02/06/2024,63.1,43.6,0.0,11.2,21.0,10.0
KJFK,NEW YORK JFK INTL AP,02/06/2024,49.2,30.4,0.33,10.7,16.8,10.0
KLAX,LOS ANGELES INTL AP,02/06/2024,75.0,56.5,,8.8,15.4,2.8
KMIA,MIAMI INTERNATIONAL AP,02/06/2024,87.1,66.9,0.0,4.2,7.2,10.0
KORD,CHICAGO OHARE INTL AP,02/06/2024,34.5,26.4,0.48,9.6,18.5,10.0
KPHX,PHOENIX SKY HARBOR,02/06/2024,73.0,50.7,0.0,6.9,13.3,10.0
KSEA,SEATTLE TACOMA INTL,02/06/2024,47.6,42.6,0.0,6.2,10.4,10.0
KSFO,SAN FRANCISCO INTL,02/06/2024,67.1,49.6,0.0,10.4,15.4,10.0
KATL,ATLANTA HARTSFIELD INTL,02/07/2024,55.5,43.8,0.0,,19.4,10.0
KDEN,DENVER INTL AP,02/07/2024,55.5,21.1,0.41,10.7,19.3,10.0
KDFW,DALLAS FT WORTH INTL,02/07/2024,55.8,44.2,0.0,10.5,19.7,10.0
KJFK,NEW YORK JFK INTL AP,02/07/2024,44.7,32.2,0.0,7.4,15.7,10.0
KLAX,LOS ANGELES INTL AP,02/07/2024,75.6,55.5,0.0,11.4,15.8,10.0
KMIA,MIAMI INTERNATIONAL AP,02/07/2024,82.0,70.9,0.0,8.8,14.0,10.0
KORD,CHICAGO OHARE INTL AP,02/07/2024,44.1,25.0,0.0,5.1,9.2,10.0
KPHX,PHOENIX SKY HARBOR,02/07/2024,73.9,56.6,0.0,9.4,13.2,10.0
KSEA,SEATTLE TACOMA INTL,02/07/2024,59.3,50.8,0.0,7.4,14.0,10.0
KSFO,SAN FRANCISCO INTL,02/07/2024,68.6,46.2,0.66,10.1,16.8,10.0
KATL,ATLANTA HARTSFIELD INTL,02/08/2024,50.9,38.3,0.0,5.8,15.4,10.0
KDFW,DALLAS FT WORTH INTL,02/08/2024,62.5,53.6,0.0,7.5,10.8,10.0
KJFK,NEW YORK JFK INTL AP,02/08/2024,43.6,32.2,0.0,8.6,14.9,10.0
KLAX,LOS ANGELES INTL AP,02/08/2024,78.0,62.4,0.71,6.7,10.4,10.0
KMIA,MIAMI INTERNATIONAL AP,02/08/2024,70.6,61.5,0.0,8.6,15.7,10.0
KORD,CHICAGO OHARE INTL AP,02/08/2024,38.0,30.5,0.0,9.8,14.7,10.0
KPHX,PHOENIX SKY HARBOR,02/08/2024,74.0,46.0,0.0,10.1,14.4,10.0
KSEA,SEATTLE TACOMA INTL,02/08/2024,57.6,41.8,0.0,6.9,13.0,10.0
KSFO,SAN FRANCISCO INTL,02/08/2024,69.5,55.8,0.53,7.4,14.0,10.0
KATL,ATLANTA HARTSFIELD INTL,02/09/2024,63.1,39.7,0.0,6.1,13.3,10.0
KDEN,DENVER INTL AP,02/09/2024,44.1,32.4,0.63,6.2,13.1,10.0
KDFW,DALLAS FT WORTH INTL,02/09/2024,64.7,39.1,0.0,9.8,13.8,10.0
KJFK,NEW YORK JFK INTL AP,02/09/2024,41.6,33.0,0.67,9.9,18.5,10.0
KLAX,LOS ANGELES INTL AP,02/09/2024,83.6,49.8,0.0,11.7,20.9,10.0
KMIA,MIAMI INTERNATIONAL AP,02/09/2024,82.1,71.5,0.14,6.1,9.6,10.0
KORD,CHICAGO OHARE INTL AP,02/09/2024,41.3,26.2,0.0,11.5,19.6,10.0
KPHX,PHOENIX SKY HARBOR,02/09/2024,70.8,52.9,0.13,8.1,17.9,10.0
KSEA,SEATTLE TACOMA INTL,02/09/2024,49.2,44.2,0.0,9.1,18.3,10.0
KSFO,SAN FRANCISCO INTL,02/09/2024,70.4,50.5,0.31,9.1,17.0,10.0
KATL,ATLANTA HARTSFIELD INTL,02/10/2024,59.3,41.9,0.3,11.6,15.4,10.0
KDEN,DENVER INTL AP,02/10/2024,61.1,28.5,0.0,7.5,11.9,10.0
KDFW,DALLAS FT WORTH INTL,02/10/2024,56.7,44.9,0.12,6.6,14.5,10.0
KJFK,NEW YORK JFK INTL AP,02/10/2024,50.6,37.4,0.0,10.4,18.4,10.0
KLAX,LOS ANGELES INTL AP,02/10/2024,88.4,58.5,0.57,7.5,12.3,10.0
KMIA,MIAMI INTERNATIONAL AP,02/10/2024,79.1,74.1,0.0,8.2,15.2,10.0
KORD,CHICAGO OHARE INTL AP,02/10/2024,42.0,27.3,0.34,5.5,14.6,10.0
KPHX,PHOENIX SKY HARBOR,02/10/2024,73.4,53.4,0.0,9.7,16.1,10.0
KSEA,SEATTLE TACOMA INTL,02/10/2024,54.4,39.3,0.0,7.7,11.5,10.0
KSFO,SAN FRANCISCO INTL,02/10/2024,68.3,45.6,0.59,7.9,17.6,10.0
KATL,ATLANTA HARTSFIELD INTL,02/11/2024,61.6,39.5,0.0,5.2,10.3,10.0
KDEN,DENVER INTL AP,02/11/2024,52.9,31.7,0.0,4.7,10.7,10.0
KDFW,DALLAS FT WORTH INTL,02/11/2024,63.8,34.9,0.0,11.3,17.6,10.0
KJFK,NEW YORK JFK INTL AP,02/11/2024,50.1,33.4,0.0,9.8,18.5,10.0
KLAX,LOS ANGELES INTL AP,02/11/2024,74.2,57.6,0.0,9.0,13.9,10.0
KMIA,MIAMI INTERNATIONAL AP,02/11/2024,87.4,67.4,0.37,5.9,11.0,10.0
KORD,CHICAGO OHARE INTL AP,02/11/2024,42.8,18.5,0.05,9.1,14.4,10.0
KPHX,PHOENIX SKY HARBOR,02/11/2024,71.6,46.8,0.0,9.4,18.1,10.0
KSEA,SEATTLE TACOMA INTL,02/11/2024,61.1,50.4,0.52,9.2,15.3,10.0
KSFO,SAN FRANCISCO INTL,02/11/2024,63.5,51.6,0.0,9.3,17.5,10.0
KATL,ATLANTA HARTSFIELD INTL,02/12/2024,65.3,42.4,0.0,9.4,17.5,10.0
KDEN,DENVER INTL AP,02/12/2024,57.6,33.0,0.0,6.4,10.9,10.0
KDFW,DALLAS FT WORTH INTL,02/12/2024,71.9,42.0,0.0,10.3,18.7,10.0
KJFK,NEW YORK JFK INTL AP,02/12/2024,47.3,35.6,0.09,8.9,17.4,10.0
KLAX,LOS ANGELES INTL AP,02/12/2024,80.2,55.0,0.0,5.1,14.0,10.0
KMIA,MIAMI INTERNATIONAL AP,02/12/2024,75.4,70.4,0.0,11.3,14.4,10.0
KORD,CHICAGO OHARE INTL AP,02/12/2024,38.8,21.7,0.0,7.5,11.6,10.0
KPHX,PHOENIX SKY HARBOR,02/12/2024,82.6,44.8,0.0,4.7,11.5,10.0
KSEA,SEATTLE TACOMA INTL,02/12/2024,55.4,43.1,0.32,4.3,13.8,10.0
KSFO,SAN FRANCISCO INTL,02/12/2024,63.3,48.3,,8.2,16.7,2.0
KATL,ATLANTA HARTSFIELD INTL,02/13/2024,58.6,45.8,0.0,5.9,14.1,10.0
KDEN,DENVER INTL AP,02/13/2024,52.5,15.6,0.0,6.0,11.3,10.0
KDFW,DALLAS FT WORTH INTL,02/13/2024,65.0,42.0,0.0,10.2,19.3,10.0
KJFK,NEW YORK JFK INTL AP,02/13/2024,49.2,36.1,0.0,10.9,14.7,10.0
KLAX,LOS ANGELES INTL AP,02/13/2024,84.9,58.7,,6.4,9.6,3.2
KMIA,MIAMI INTERNATIONAL AP,02/13/2024,90.0,77.5,0.0,4.4,11.4,10.0
KORD,CHICAGO OHARE INTL AP,02/13/2024,32.0,25.7,0.0,8.7,13.4,10.0
KPHX,PHOENIX SKY HARBOR,02/13/2024,71.5,58.0,0.0,8.7,15.1,10.0
KSEA,SEATTLE TACOMA INTL,02/13/2024,57.5,35.1,0.05,9.4,15.5,10.0
KSFO,SAN FRANCISCO INTL,02/13/2024,56.7,51.7,0.0,11.2,19.7,10.0
KATL,ATLANTA HARTSFIELD INTL,02/14/2024,51.9,34.6,2.39,19.0,33.8,3.2
KDEN,DENVER INTL AP,02/14/2024,53.7,28.6,0.0,4.7,12.2,10.0
KDFW,DALLAS FT WORTH INTL,02/14/2024,44.0,37.9,2.33,19.1,32.9,3.7
KJFK,NEW YORK JFK INTL AP,02/14/2024,56.9,35.1,0.0,11.0,15.5,10.0
KLAX,LOS ANGELES INTL AP,02/14/2024,74.6,55.1,0.0,9.2,12.2,10.0
KMIA,MIAMI INTERNATIONAL AP,02/14/2024,93.0,71.0,0.0,5.4,9.8,10.0
KORD,CHICAGO OHARE INTL AP,02/14/2024,38.1,29.8,0.76,9.4,12.8,10.0
KPHX,PHOENIX SKY HARBOR,02/14/2024,72.5,46.7,0.0,9.5,16.2,10.0
KSEA,SEATTLE TACOMA INTL,02/14/2024,47.6,42.6,0.49,6.4,14.4,10.0
KSFO,SAN FRANCISCO INTL,02/14/2024,70.4,53.8,0.0,9.4,14.9,10.0
KATL,ATLANTA HARTSFIELD INTL,02/15/2024,65.9,51.6,0.21,5.3,10.5,10.0
KDEN,DENVER INTL AP,02/15/2024,58.6,29.1,0.0,8.2,12.9,10.0
KDFW,DALLAS FT WORTH INTL,02/15/2024,55.1,48.5,0.0,6.4,13.8,10.0
KJFK,NEW YORK JFK INTL AP,02/15/2024,51.5,28.4,0.0,7.4,14.7,10.0
KLAX,LOS ANGELES INTL AP,02/15/2024,68.7,54.8,0.0,7.4,15.5,10.0
KMIA,MIAMI INTERNATIONAL AP,02/15/2024,69.8,64.8,0.0,5.7,12.1,10.0
KORD ,CHICAGO OHARE INTL AP,02/15/2024,34.5,29.5,0.0,8.0,14.6,10.0
KPHX,PHOENIX SKY HARBOR,02/15/2024,72.3,55.8,0.0,4.4,7.6,10.0
KSEA,SEATTLE TACOMA INTL,02/15/2024,51.9,42.5,0.0,8.8,14.1,10.0
KSFO,SAN FRANCISCO INTL,02/15/2024,62.7,54.2,0.0,6.3,16.1,10.0
KATL,ATLANTA HARTSFIELD INTL,02/16/2024,53.8,48.8,0.31,7.0,14.2,10.0
KDEN,DENVER INTL AP,02/16/2024,65.5,24.1,0.0,11.1,15.6,10.0
KDFW,DALLAS FT WORTH INTL,02/16/2024,65.3,42.3,0.0,7.8,14.9,10.0
KJFK,NEW YORK JFK INTL AP,02/16/2024,38.1,33.1,0.0,8.4,12.3,10.0
KLAX,LOS ANGELES INTL AP,02/16/2024,77.5,58.0,0.0,4.6,13.9,10.0
KORD,CHICAGO OHARE INTL AP,02/16/2024,46.3,32.1,0.53,11.1,16.5,10.0
KPHX,PHOENIX SKY HARBOR,02/16/2024,76.3,49.9,0.0,10.2,17.0,10.0
KSEA,SEATTLE TACOMA INTL,02/16/2024,46.2,37.7,0.0,10.1,14.1,10.0
KSFO,SAN FRANCISCO INTL,02/16/2024,65.8,58.8,0.0,9.5,14.4,10.0
KATL,ATLANTA HARTSFIELD INTL,02/17/2024,54.5,40.7,0.0,6.3,10.9,10.0
KDEN,DENVER INTL AP,02/17/2024,51.3,28.3,0.0,11.2,15.6,10.0
KDFW,DALLAS FT WORTH INTL,02/17/2024,69.3,41.4,0.0,6.0,11.3,10.0
KJFK,NEW YORK JFK INTL AP,02/17/2024,44.4,33.9,0.0,5.4,10.1,10.0
KLAX,LOS ANGELES INTL AP,02/17/2024,78.5,55.4,0.0,9.8,14.3,10.0
KORD,CHICAGO OHARE INTL AP,02/17/2024,40.7,16.2,0.0,11.6,15.0,10.0
KPHX,PHOENIX SKY HARBOR,02/17/2024,64.1,51.4,0.34,11.9,17.3,10.0
KSEA,SEATTLE TACOMA INTL,02/17/2024,69.7,,0.0,5.4,8.5,10.0
KSFO,SAN FRANCISCO INTL,02/17/2024,64.8,59.0,0.0,10.0,15.7,10.0
KATL,ATLANTA HARTSFIELD INTL,02/18/2024,66.8,47.0,0.18,6.4,13.6,10.0
KDEN,DENVER INTL AP,02/18/2024,54.2,20.7,0.15,10.1,17.9,10.0
KDFW,DALLAS FT WORTH INTL,02/18/2024,62.9,45.7,0.0,10.1,17.4,10.0
KJFK,NEW YORK JFK INTL AP,02/18/2024,54.6,34.6,0.63,4.3,12.8,10.0
KLAX,LOS ANGELES INTL AP,02/18/2024,82.0,57.3,,6.6,12.7,3.5
KMIA,MIAMI INTERNATIONAL AP,02/18/2024,85.4,75.8,0.0,7.8,13.1,10.0
KORD,CHICAGO OHARE INTL AP,02/18/2024,46.8,24.9,0.0,9.0,18.5,10.0
KPHX,PHOENIX SKY HARBOR,02/18/2024,74.2,51.5,0.0,7.3,10.6,10.0
KSEA,SEATTLE TACOMA INTL,02/18/2024,60.1,41.2,0.0,10.6,19.2,10.0
KSFO,SAN FRANCISCO INTL,02/18/2024,63.8,51.3,0.0,5.3,9.7,10.0
KATL,ATLANTA HARTSFIELD INTL,02/19/2024,67.8,39.9,0.1,4.7,12.7,10.0
KDEN,DENVER INTL AP,02/19/2024,57.2,28.5,0.0,6.5,12.4,10.0
KDFW,DALLAS FT WORTH INTL,02/19/2024,59.1,44.1,0.0,7.3,13.2,10.0
KJFK,NEW YORK JFK INTL AP,02/19/2024,39.7,34.7,0.61,6.1,15.4,10.0
KLAX,LOS ANGELES INTL AP,02/19/2024,83.9,58.5,0.0,11.6,19.3,10.0
KMIA,MIAMI INTERNATIONAL AP,02/19/2024,83.8,70.0,0.0,6.6,12.7,10.0
KORD,CHICAGO OHARE INTL AP,02/19/2024,32.5,21.4,0.0,11.4,19.5,10.0
KPHX,PHOENIX SKY HARBOR,02/19/2024,71.3,51.5,0.0,11.0,19.5,10.0
KSEA,SEATTLE TACOMA INTL,02/19/2024,53.1,47.5,0.0,10.0,14.7,10.0
KSFO,SAN FRANCISCO INTL,02/19/2024,58.9,53.9,0.0,12.0,20.7,10.0
KATL,ATLANTA HARTSFIELD INTL,02/20/2024,60.8,44.2,0.0,7.9,16.5,10.0
KDEN,DENVER INTL AP,02/20/2024,50.2,19.1,0.0,10.5,15.1,10.0
KDFW,DALLAS FT WORTH INTL,02/20/2024,72.0,,0.32,7.4,15.8,10.0
KJFK,NEW YORK JFK INTL AP,02/20/2024,50.6,37.4,0.23,10.0,18.9,10.0
KLAX,LOS ANGELES INTL AP,02/20/2024,83.4,60.4,0.0,9.7,18.6,10.0
KMIA,MIAMI INTERNATIONAL AP,02/20/2024,92.9,71.9,0.0,9.4,13.6,10.0
KORD,CHICAGO OHARE INTL AP,02/20/2024,46.0,32.7,0.18,10.0,17.6,10.0
KPHX,PHOENIX SKY HARBOR,02/20/2024,75.9,51.3,0.0,11.6,19.2,10.0
KSEA,SEATTLE TACOMA INTL,02/20/2024,65.3,47.2,0.0,,14.7,10.0
KSFO,SAN FRANCISCO INTL,02/20/2024,64.5,47.2,0.0,9.4,19.3,10.0
KATL,ATLANTA HARTSFIELD INTL,02/21/2024,67.6,46.4,0.0,5.5,14.2,10.0
KDEN,DENVER INTL AP,02/21/2024,56.1,18.7,0.0,4.9,13.9,10.0
KDFW,DALLAS FT WORTH INTL,02/21/2024,62.4,51.1,0.0,7.4,17.0,10.0
KJFK,NEW YORK JFK INTL AP,02/21/2024,52.3,30.8,0.0,8.1,15.9,10.0
KLAX,LOS ANGELES INTL AP,02/21/2024,82.9,63.9,,11.2,17.0,1.4
KMIA,MIAMI INTERNATIONAL AP,02/21/2024,77.0,61.1,0.0,5.4,15.0,10.0
KORD,CHICAGO OHARE INTL AP,02/21/2024,37.8,22.9,0.52,11.3,15.9,10.0
KPHX,PHOENIX SKY HARBOR,02/21/2024,61.7,48.6,0.0,6.1,15.5,10.0
KSEA,SEATTLE TACOMA INTL,02/21/2024,57.8,48.1,0.0,5.8,15.5,10.0
KSFO,SAN FRANCISCO INTL,02/21/2024,62.4,46.1,0.66,6.5,15.0,10.0
KATL,ATLANTA HARTSFIELD INTL,02/22/2024,67.5,39.0,0.0,4.1,13.7,10.0
KDEN,DENVER INTL AP,02/22/2024,51.5,26.5,0.0,9.6,17.8,10.0
KDFW,DALLAS FT WORTH INTL,02/22/2024,51.8,46.8,0.0,5.1,10.6,10.0
KJFK,NEW YORK JFK INTL AP,02/22/2024,47.5,36.4,0.59,8.6,13.1,10.0
KLAX,LOS ANGELES INTL AP,02/22/2024,75.6,56.9,0.0,7.2,10.3,10.0
KMIA,MIAMI INTERNATIONAL AP,02/22/2024,87.6,71.4,0.0,10.1,14.8,10.0
KORD,CHICAGO OHARE INTL AP,02/22/2024,41.3,24.6,0.0,11.1,19.8,10.0
KPHX,PHOENIX SKY HARBOR,02/22/2024,71.7,51.4,0.0,9.6,17.3,10.0
KSEA,SEATTLE TACOMA INTL,02/22/2024,44.4,39.4,0.56,22.3,39.7,3.7
KSFO,SAN FRANCISCO INTL,02/22/2024,65.8,60.8,0.65,4.9,11.0,10.0
KATL,ATLANTA HARTSFIELD INTL,02/23/2024,64.6,43.0,0.0,9.7,14.4,10.0
KDEN,DENVER INTL AP,02/23/2024,46.8,27.4,0.54,9.5,17.9,10.0
KDFW,DALLAS FT WORTH INTL,02/23/2024,68.6,44.5,0.0,11.3,18.9,10.0
KJFK,NEW YORK JFK INTL AP,02/23/2024,49.3,32.4,0.0,9.7,18.9,10.0
KLAX,LOS ANGELES INTL AP,02/23/2024,72.9,66.3,0.0,5.0,8.3,10.0
KMIA,MIAMI INTERNATIONAL AP,02/23/2024,80.3,75.3,0.72,6.4,16.3,10.0
KORD,CHICAGO OHARE INTL AP,02/23/2024,34.2,24.5,0.79,11.4,17.4,10.0
KPHX,PHOENIX SKY HARBOR,02/23/2024,85.3,52.3,0.0,11.0,18.4,10.0
KSEA,SEATTLE TACOMA INTL,02/23/2024,55.2,47.8,0.0,6.2,14.7,10.0
KSFO,SAN FRANCISCO INTL,02/23/2024,56.4,51.4,,8.6,15.7,3.8
KATL,ATLANTA HARTSFIELD INTL,02/24/2024,53.3,43.6,0.0,,11.5,10.0
KDEN,DENVER INTL AP,02/24/2024,58.0,38.1,0.0,10.3,13.4,10.0
KDFW,DALLAS FT WORTH INTL,02/24/2024,61.6,,0.0,4.2,7.5,10.0
KJFK,NEW YORK JFK INTL AP,02/24/2024,49.5,36.5,0.0,9.7,19.0,10.0
KLAX,LOS ANGELES INTL AP,02/24/2024,81.0,63.9,0.0,9.4,13.5,10.0
KMIA,MIAMI INTERNATIONAL AP,02/24/2024,85.7,72.3,0.0,5.8,9.4,10.0
KORD,CHICAGO OHARE INTL AP,02/24/2024,30.8,25.8,0.0,8.0,14.2,10.0
KPHX,PHOENIX SKY HARBOR,02/24/2024,70.6,56.5,0.0,11.8,21.2,10.0
KSEA,SEATTLE TACOMA INTL,02/24/2024,61.2,33.2,0.0,9.1,13.1,10.0
KSFO,SAN FRANCISCO INTL,02/24/2024,74.9,44.3,,10.2,14.2,2.1
KATL,ATLANTA HARTSFIELD INTL,02/25/2024,56.3,41.0,0.0,10.3,18.2,10.0
KDEN,DENVER INTL AP,02/25/2024,37.7,31.8,0.0,8.6,13.7,10.0
KDFW,DALLAS FT WORTH INTL,02/25/2024,66.5,40.3,0.0,7.7,12.9,10.0
KJFK,NEW YORK JFK INTL AP,02/25/2024,41.2,36.2,0.09,5.7,8.8,10.0
KLAX,LOS ANGELES INTL AP,02/25/2024,74.8,56.7,0.0,11.7,18.2,10.0
KMIA,MIAMI INTERNATIONAL AP,02/25/2024,69.7,64.7,0.0,6.5,15.6,10.0
KORD,CHICAGO OHARE INTL AP,02/25/2024,39.6,22.5,0.0,7.8,15.0,10.0
KPHX,PHOENIX SKY HARBOR,02/25/2024,71.6,59.2,0.0,7.5,17.0,10.0
KSEA,SEATTLE TACOMA INTL,02/25/2024,44.7,39.7,0.0,6.7,12.2,10.0
KSFO,SAN FRANCISCO INTL,02/25/2024,64.5,50.3,,10.8,15.8,2.1
KATL,ATLANTA HARTSFIELD INTL,02/26/2024,60.6,35.9,0.0,6.8,13.1,10.0
KDEN,DENVER INTL AP,02/26/2024,50.3,38.6,0.0,9.6,15.9,10.0
KDFW,DALLAS FT WORTH INTL,02/26/2024,57.2,47.6,0.03,10.1,16.1,10.0
KJFK,NEW YORK JFK INTL AP,02/26/2024,40.3,35.3,0.72,6.7,15.0,10.0
KLAX,LOS ANGELES INTL AP,02/26/2024,73.3,61.8,0.0,8.6,12.6,10.0
KMIA,MIAMI INTERNATIONAL AP,02/26/2024,75.3,70.3,0.0,5.3,11.4,10.0
KORD,CHICAGO OHARE INTL AP,02/26/2024,32.6,25.9,0.34,7.6,16.7,10.0
KPHX,PHOENIX SKY HARBOR,02/26/2024,78.2,54.3,0.0,10.0,19.5,10.0
KSEA,SEATTLE TACOMA INTL,02/26/2024,53.6,48.6,0.72,8.0,17.1,10.0
KSFO,SAN FRANCISCO INTL,02/26/2024,73.0,63.0,0.37,10.7,14.6,10.0
KATL,ATLANTA HARTSFIELD INTL,02/27/2024,57.3,43.5,0.0,4.1,8.2,10.0
KDEN,DENVER INTL AP,02/27/2024,46.1,22.6,0.75,7.4,17.0,10.0
KDFW,DALLAS FT WORTH INTL,02/27/2024,53.9,43.0,0.0,11.6,16.0,10.0
KJFK,NEW YORK JFK INTL AP,02/27/2024,46.1,27.1,0.0,10.2,14.5,10.0
KLAX,LOS ANGELES INTL AP,02/27/2024,73.5,60.6,0.37,8.8,12.5,10.0
KMIA,MIAMI INTERNATIONAL AP,02/27/2024,80.3,69.7,0.0,8.4,13.5,10.0
KORD,CHICAGO OHARE INTL AP,02/27/2024,42.2,19.6,0.0,10.4,16.6,10.0
KPHX,PHOENIX SKY HARBOR,02/27/2024,73.5,56.1,0.0,9.8,15.8,10.0
KSEA,SEATTLE TACOMA INTL,02/27/2024,48.9,41.4,0.49,8.3,14.9,10.0
KSFO,SAN FRANCISCO INTL,02/27/2024,81.4,60.6,0.0,6.5,15.9,10.0
KATL,ATLANTA HARTSFIELD INTL,02/28/2024,62.5,42.2,0.0,7.7,16.3,10.0
KDEN,DENVER INTL AP,02/28/2024,,11.8,1.0,19.8,32.8,4.2
KDFW,DALLAS FT WORTH INTL,02/28/2024,59.7,52.4,0.0,7.2,16.5,10.0
KJFK,NEW YORK JFK INTL AP,02/28/2024,45.7,31.1,0.0,7.1,15.0,10.0
KLAX,LOS ANGELES INTL AP,02/28/2024,70.6,65.6,0.58,10.5,19.2,10.0
KMIA,MIAMI INTERNATIONAL AP,02/28/2024,86.5,78.5,0.0,8.7,15.4,10.0
KORD,CHICAGO OHARE INTL AP,02/28/2024,32.9,24.6,1.59,19.4,41.8,3.6
KPHX,PHOENIX SKY HARBOR,02/28/2024,72.2,55.6,0.0,5.3,10.5,10.0
KSEA,SEATTLE TACOMA INTL,02/28/2024,55.7,41.4,0.0,9.7,15.2,10.0
KSFO,SAN FRANCISCO INTL,02/28/2024,63.6,56.6,0.12,7.7,11.6,10.0
KATL,ATLANTA HARTSFIELD INTL,02/29/2024,66.4,42.3,0.0,4.9,8.2,10.0
KDEN,DENVER INTL AP,02/29/2024,53.4,28.6,0.59,11.0,15.9,10.0
KDFW,DALLAS FT WORTH INTL,02/29/2024,51.2,41.8,0.0,5.3,10.6,10.0
KJFK,NEW YORK JFK INTL AP,02/29/2024,37.2,24.5,0.0,7.9,12.6,10.0
KLAX,LOS ANGELES INTL AP,02/29/2024,69.7,56.4,0.0,9.3,14.1,10.0
KMIA,MIAMI INTERNATIONAL AP,02/29/2024,85.0,66.5,0.0,10.3,15.7,10.0
KORD,CHICAGO OHARE INTL AP,02/29/2024,45.0,27.7,0.0,4.7,10.7,10.0
KPHX,PHOENIX SKY HARBOR,02/29/2024,74.1,51.2,0.0,8.7,12.1,10.0
KSEA,SEATTLE TACOMA INTL,02/29/2024,51.1,46.1,0.0,8.2,13.1,10.0
KSFO,SAN FRANCISCO INTL,02/29/2024,64.2,57.5,0.0,5.8,15.8,10.0
KATL,ATLANTA HARTSFIELD INTL,03/01/2024,74.9,51.7,0.0,9.4,14.7,10.0
KDEN,DENVER INTL AP,03/01/2024,68.1,36.8,0.0,,11.5,10.0
KDFW,DALLAS FT WORTH INTL,03/01/2024,64.3,55.3,0.0,8.6,14.2,10.0
KJFK,NEW YORK JFK INTL AP,03/01/2024,58.6,36.6,0.67,9.2,14.5,10.0
KLAX,LOS ANGELES INTL AP,03/01/2024,74.3,62.5,0.0,,13.2,10.0
KMIA,MIAMI INTERNATIONAL AP,03/01/2024,84.5,79.5,0.32,8.6,11.8,10.0
KORD,CHICAGO OHARE INTL AP,03/01/2024,28.5,23.5,0.0,5.1,13.2,10.0
KPHX,PHOENIX SKY HARBOR,03/01/2024,89.5,52.3,0.0,7.1,10.5,10.0
KSEA,SEATTLE TACOMA INTL,03/01/2024,56.3,51.3,0.6,8.4,14.7,10.0
KSFO,SAN FRANCISCO INTL,03/01/2024,70.8,62.0,0.0,7.1,16.6,10.0
KATL,ATLANTA HARTSFIELD INTL,03/02/2024,62.5,50.1,0.09,11.5,17.8,10.0
KDEN,DENVER INTL AP,03/02/2024,51.9,40.7,0.0,4.3,12.5,10.0
KDFW,DALLAS FT WORTH INTL,03/02/2024,63.6,49.7,0.14,10.5,19.2,10.0
KJFK,NEW YORK JFK INTL AP,03/02/2024,58.8,36.8,0.0,11.7,19.8,10.0
KLAX,LOS ANGELES INTL AP,03/02/2024,82.9,63.6,,6.4,10.2,2.6
KMIA,MIAMI INTERNATIONAL AP,03/02/2024,96.2,72.9,0.0,7.8,11.7,10.0
KORD,CHICAGO OHARE INTL AP,03/02/2024,47.1,28.8,0.0,11.7,18.9,10.0
KPHX,PHOENIX SKY HARBOR,03/02/2024,83.4,67.9,0.0,9.5,17.7,10.0
KSEA,SEATTLE TACOMA INTL,03/02/2024,63.4,47.5,0.0,9.3,18.4,10.0
KSFO,SAN FRANCISCO INTL,03/02/2024,74.1,64.3,0.0,8.9,14.1,10.0
KATL,ATLANTA HARTSFIELD INTL,03/03/2024,61.2,51.9,0.29,9.2,13.9,10.0
KDEN,DENVER INTL AP,03/03/2024,63.2,23.4,0.0,6.4,12.0,10.0
KDFW,DALLAS FT WORTH INTL,03/03/2024,68.7,49.1,0.0,5.8,14.0,10.0
KJFK,NEW YORK JFK INTL AP,03/03/2024,58.2,41.7,0.0,6.4,16.2,10.0
KLAX,LOS ANGELES INTL AP,03/03/2024,85.1,66.6,0.49,11.1,20.6,10.0
KMIA,MIAMI INTERNATIONAL AP,03/03/2024,87.8,78.4,0.0,7.5,13.8,10.0
KPHX,PHOENIX SKY HARBOR,03/03/2024,88.3,61.9,0.0,9.0,13.0,10.0
KSEA,SEATTLE TACOMA INTL,03/03/2024,63.6,49.2,0.0,6.4,13.4,10.0
KSFO,SAN FRANCISCO INTL,03/03/2024,76.1,62.5,0.0,9.4,18.4,10.0
KATL,ATLANTA HARTSFIELD INTL,03/04/2024,66.4,55.7,0.03,8.9,14.4,10.0
KDEN,DENVER INTL AP,03/04/2024,66.6,39.6,0.0,9.7,17.9,10.0
KDFW,DALLAS FT WORTH INTL,03/04/2024,83.5,59.8,0.0,8.4,14.3,10.0
KJFK,NEW YORK JFK INTL AP,03/04/2024,60.5,47.5,0.0,11.8,16.4,10.0
KLAX,LOS ANGELES INTL AP,03/04/2024,88.8,59.9,0.0,10.6,14.5,10.0
KMIA,MIAMI INTERNATIONAL AP,03/04/2024,98.1,73.0,0.0,9.0,17.2,10.0
KORD,CHICAGO OHARE INTL AP,03/04/2024,53.5,30.3,0.0,4.1,13.0,10.0
KPHX,PHOENIX SKY HARBOR,03/04/2024,82.8,55.1,0.0,8.1,15.2,10.0
KSEA,SEATTLE TACOMA INTL,03/04/2024,59.0,54.0,0.0,6.8,12.6,10.0
KSFO,SAN FRANCISCO INTL,03/04/2024,71.1,66.1,0.0,5.6,9.9,10.0
KATL,ATLANTA HARTSFIELD INTL,03/05/2024,71.2,54.4,0.19,6.2,9.9,10.0
KDEN,DENVER INTL AP,03/05/2024,72.4,34.6,0.0,8.6,16.7,10.0
KDFW,DALLAS FT WORTH INTL,03/05/2024,68.9,49.3,0.0,10.0,14.6,10.0
KJFK,NEW YORK JFK INTL AP,03/05/2024,45.1,40.1,0.0,6.5,15.4,10.0
KLAX,LOS ANGELES INTL AP,03/05/2024,82.4,62.8,0.51,4.7,11.3,10.0
KMIA,MIAMI INTERNATIONAL AP,03/05/2024,94.5,79.3,0.62,6.1,11.3,10.0
KORD,CHICAGO OHARE INTL AP,03/05/2024,43.3,37.3,0.65,9.9,19.8,10.0
KPHX,PHOENIX SKY HARBOR,03/05/2024,89.7,56.4,0.0,11.7,19.0,10.0
KSEA,SEATTLE TACOMA INTL,03/05/2024,61.0,48.2,0.77,9.3,14.7,10.0
KSFO,SAN FRANCISCO INTL,03/05/2024,66.9,61.9,,5.4,10.5,1.5
KATL,ATLANTA HARTSFIELD INTL,03/06/2024,66.7,50.3,0.0,4.3,9.3,10.0
KDEN,DENVER INTL AP,03/06/2024,66.4,40.1,0.58,10.1,16.0,10.0
KDFW,DALLAS FT WORTH INTL,03/06/2024,72.2,44.0,0.78,8.6,14.2,10.0
KJFK,NEW YORK JFK INTL AP,03/06/2024,59.6,46.3,0.0,4.9,9.5,10.0
KLAX,LOS ANGELES INTL AP,03/06/2024,93.9,67.6,0.5,7.8,15.9,10.0
KMIA,MIAMI INTERNATIONAL AP,03/06/2024,87.3,82.3,0.0,7.0,14.6,10.0
KORD,CHICAGO OHARE INTL AP,03/06/2024,46.6,26.0,0.0,5.6,9.7,10.0
KPHX,PHOENIX SKY HARBOR,03/06/2024,60.3,55.3,0.0,7.8,13.0,10.0
KSEA,SEATTLE TACOMA INTL,03/06/2024,,52.1,0.78,4.3,10.3,10.0
KSFO,SAN FRANCISCO INTL,03/06/2024,65.5,59.3,0.0,7.9,14.4,10.0
KATL,ATLANTA HARTSFIELD INTL,03/07/2024,77.1,45.9,0.18,5.4,12.3,10.0
KDEN,DENVER INTL AP,03/07/2024,62.9,23.5,0.63,11.9,15.5,10.0
KDFW,DALLAS FT WORTH INTL,03/07/2024,71.0,51.7,0.0,7.1,13.4,10.0
KJFK,NEW YORK JFK INTL AP,03/07/2024,52.5,47.4,0.0,6.0,9.8,10.0
KLAX,LOS ANGELES INTL AP,03/07/2024,75.7,63.4,,5.6,11.1,2.6
KMIA,MIAMI INTERNATIONAL AP,03/07/2024,93.5,79.4,0.79,9.8,15.4,10.0
KORD,CHICAGO OHARE INTL AP,03/07/2024,45.4,35.6,0.0,8.5,13.1,10.0
KPHX,PHOENIX SKY HARBOR,03/07/2024,76.5,58.1,0.0,10.0,18.9,10.0
KSEA,SEATTLE TACOMA INTL,03/07/2024,62.3,53.3,0.34,10.8,14.2,10.0
KSFO,SAN FRANCISCO INTL,03/07/2024,71.7,60.0,0.0,11.8,20.6,10.0
KATL,ATLANTA HARTSFIELD INTL,03/08/2024,64.8,40.9,0.99,18.4,31.2,4.5
KDEN,DENVER INTL AP,03/08/2024,51.0,31.2,0.0,8.7,12.8,10.0
KDFW,DALLAS FT WORTH INTL,03/08/2024,77.2,51.8,0.0,4.3,8.1,10.0
KJFK,NEW YORK JFK INTL AP,03/08/2024,48.2,37.2,1.04,28.5,41.3,2.4
KLAX,LOS ANGELES INTL AP,03/08/2024,88.1,63.6,0.0,11.8,20.9,10.0
KMIA,MIAMI INTERNATIONAL AP,03/08/2024,86.0,66.5,0.11,10.1,14.0,10.0
KORD,CHICAGO OHARE INTL AP,03/08/2024,58.0,39.9,0.51,4.2,8.4,10.0
KPHX,PHOENIX SKY HARBOR,03/08/2024,74.0,69.0,0.0,8.0,11.0,10.0
KSEA,SEATTLE TACOMA INTL,03/08/2024,73.2,56.0,0.58,5.2,12.1,10.0
KSFO,SAN FRANCISCO INTL,03/08/2024,,63.7,0.0,8.5,12.5,10.0
KATL,ATLANTA HARTSFIELD INTL,03/09/2024,66.1,53.3,0.0,4.1,11.7,10.0
KDEN,DENVER INTL AP,03/09/2024,53.7,35.6,0.0,6.9,15.4,10.0
KDFW,DALLAS FT WORTH INTL,03/09/2024,65.2,52.7,0.4,6.9,16.1,10.0
KJFK,NEW YORK JFK INTL AP,03/09/2024,51.0,46.0,0.59,8.3,14.1,10.0
KLAX,LOS ANGELES INTL AP,03/09/2024,71.9,66.9,,4.6,10.2,3.9
KMIA,MIAMI INTERNATIONAL AP,03/09/2024,80.0,73.6,0.27,4.5,9.5,10.0
KORD,CHICAGO OHARE INTL AP,03/09/2024,41.9,36.9,0.0,10.6,13.8,10.0
KPHX,PHOENIX SKY HARBOR,03/09/2024,83.7,63.2,0.0,5.4,11.1,10.0
KSEA,SEATTLE TACOMA INTL,03/09/2024,57.9,52.9,0.0,4.4,10.2,10.0
KSFO,SAN FRANCISCO INTL,03/09/2024,71.3,58.7,0.0,4.6,14.0,10.0
KATL,ATLANTA HARTSFIELD INTL,03/10/2024,71.6,47.7,0.0,5.7,9.5,10.0
KDEN,DENVER INTL AP,03/10/2024,53.9,39.2,0.71,11.7,20.0,10.0
KDFW,DALLAS FT WORTH INTL,03/10/2024,76.2,53.2,0.0,9.5,13.2,10.0
KLAX,LOS ANGELES INTL AP,03/10/2024,76.6,60.8,,5.1,8.6,2.5
KMIA,MIAMI INTERNATIONAL AP,03/10/2024,93.6,68.1,0.0,9.3,13.3,10.0
KORD,CHICAGO OHARE INTL AP,03/10/2024,52.1,36.2,0.0,4.2,11.6,10.0
KPHX,PHOENIX SKY HARBOR,03/10/2024,89.2,59.9,0.0,8.8,17.1,10.0
KSEA,SEATTLE TACOMA INTL,03/10/2024,65.1,46.4,0.32,10.6,19.0,10.0
KSFO,SAN FRANCISCO INTL,03/10/2024,72.0,59.0,,11.7,14.7,2.9
KATL,ATLANTA HARTSFIELD INTL,03/11/2024,62.3,52.0,0.0,8.7,15.2,10.0
KDEN,DENVER INTL AP,03/11/2024,71.7,37.0,0.23,10.2,18.7,10.0
KDFW,DALLAS FT WORTH INTL,03/11/2024,65.1,54.9,0.0,8.1,13.0,10.0
KJFK,NEW YORK JFK INTL AP,03/11/2024,62.4,39.3,0.58,5.4,15.3,10.0
KLAX,LOS ANGELES INTL AP,03/11/2024,90.7,,,6.6,14.0,0.9
KMIA,MIAMI INTERNATIONAL AP,03/11/2024,90.1,79.0,0.0,5.7,12.2,10.0
KORD,CHICAGO OHARE INTL AP,03/11/2024,43.1,28.2,0.65,5.0,12.3,10.0
KPHX,PHOENIX SKY HARBOR,03/11/2024,73.0,59.7,0.0,7.8,15.0,10.0
KSEA,SEATTLE TACOMA INTL,03/11/2024,64.9,48.9,0.0,5.5,8.5,10.0
KSFO,SAN FRANCISCO INTL,03/11/2024,82.3,65.4,,8.9,15.1,3.1
KATL,ATLANTA HARTSFIELD INTL,03/12/2024,69.9,48.7,0.0,7.1,14.0,10.0
KDEN,DENVER INTL AP,03/12/2024,45.2,36.3,0.53,9.5,18.9,10.0
KDFW,DALLAS FT WORTH INTL,03/12/2024,71.2,50.3,0.0,10.6,19.7,10.0
KJFK,NEW YORK JFK INTL AP,03/12/2024,57.0,44.1,0.63,9.7,14.9,10.0
KLAX,LOS ANGELES INTL AP,03/12/2024,86.9,67.3,,7.2,13.6,2.3
KMIA,MIAMI INTERNATIONAL AP,03/12/2024,93.5,79.4,0.0,9.4,14.7,10.0
KORD,CHICAGO OHARE INTL AP,03/12/2024,45.6,34.0,0.0,7.1,13.0,10.0
KPHX,PHOENIX SKY HARBOR,03/12/2024,73.0,52.3,0.11,6.8,10.3,10.0
KSFO,SAN FRANCISCO INTL,03/12/2024,74.2,66.0,0.45,4.9,9.0,10.0
KATL,ATLANTA HARTSFIELD INTL,03/13/2024,67.5,46.8,0.0,9.9,15.4,10.0
KDEN,DENVER INTL AP,03/13/2024,59.2,38.1,0.29,6.5,10.0,10.0
KDFW,DALLAS FT WORTH INTL,03/13/2024,76.1,50.0,0.13,9.6,17.9,10.0
KJFK,NEW YORK JFK INTL AP,03/13/2024,61.9,52.8,0.0,6.9,16.4,10.0
KLAX,LOS ANGELES INTL AP,03/13/2024,90.1,71.4,,8.8,15.5,0.6
KMIA,MIAMI INTERNATIONAL AP,03/13/2024,88.3,78.0,0.0,11.5,14.7,10.0
KORD,CHICAGO OHARE INTL AP,03/13/2024,53.3,28.1,0.76,4.2,13.3,10.0
KPHX,PHOENIX SKY HARBOR,03/13/2024,82.6,54.5,0.0,7.2,17.1,10.0
KSEA,SEATTLE TACOMA INTL,03/13/2024,69.8,55.5,0.5,6.0,10.8,10.0
KSFO,SAN FRANCISCO INTL,03/13/2024,76.8,64.1,0.0,11.2,15.1,10.0
KATL,ATLANTA HARTSFIELD INTL,03/14/2024,66.1,56.5,0.0,8.4,18.0,10.0
KDEN,DENVER INTL AP,03/14/2024,58.5,39.4,0.0,8.2,11.5,10.0
KDFW,DALLAS FT WORTH INTL,03/14/2024,64.8,58.8,0.0,10.9,15.8,10.0
KJFK,NEW YORK JFK INTL AP,03/14/2024,57.4,43.1,0.0,8.9,18.6,10.0
KLAX,LOS ANGELES INTL AP,03/14/2024,86.3,61.4,0.0,11.6,15.6,10.0
KORD,CHICAGO OHARE INTL AP,03/14/2024,52.2,28.8,0.0,9.3,17.0,10.0
KPHX,PHOENIX SKY HARBOR,03/14/2024,88.9,55.3,0.0,12.0,20.8,10.0
KSEA,SEATTLE TACOMA INTL,03/14/2024,52.8,47.8,0.0,7.9,12.9,10.0
KSFO,SAN FRANCISCO INTL,03/14/2024,80.6,66.9,,9.3,14.4,3.1
KATL,ATLANTA HARTSFIELD INTL,03/15/2024,59.5,52.9,0.46,4.2,13.8,10.0
KDEN,DENVER INTL AP,03/15/2024,43.4,36.0,1.7,26.5,38.9,3.2
KDFW,DALLAS FT WORTH INTL,03/15/2024,55.0,50.0,0.0,4.7,10.5,10.0
KJFK,NEW YORK JFK INTL AP,03/15/2024,65.2,39.2,0.47,11.3,19.2,10.0
KLAX,LOS ANGELES INTL AP,03/15/2024,88.9,65.8,0.31,10.8,19.0,10.0
KMIA,MIAMI INTERNATIONAL AP,03/15/2024,101.4,72.7,0.78,10.3,16.9,10.0
KORD,CHICAGO OHARE INTL AP,03/15/2024,44.3,29.1,0.61,6.9,14.6,10.0
KPHX,PHOENIX SKY HARBOR,03/15/2024,84.5,56.0,0.0,4.5,14.5,10.0
KSEA,SEATTLE TACOMA INTL,03/15/2024,62.4,42.6,0.0,6.9,15.5,10.0
KSFO,SAN FRANCISCO INTL,03/15/2024,75.9,66.5,,7.5,16.2,1.5
KATL,ATLANTA HARTSFIELD INTL,03/16/2024,72.3,46.8,0.0,10.9,20.7,10.0
KDEN,DENVER INTL AP,03/16/2024,56.5,28.0,0.15,9.2,15.7,10.0
KDFW,DALLAS FT WORTH INTL,03/16/2024,77.8,53.8,0.0,4.7,9.5,10.0
KJFK,NEW YORK JFK INTL AP,03/16/2024,47.6,38.0,0.77,8.2,11.2,10.0
KLAX,LOS ANGELES INTL AP,03/16/2024,81.8,67.1,0.0,5.4,11.5,10.0
KMIA,MIAMI INTERNATIONAL AP,03/16/2024,95.6,78.6,0.0,8.6,15.3,10.0
KORD,CHICAGO OHARE INTL AP,03/16/2024,48.7,33.5,0.0,9.7,16.1,10.0
KPHX,PHOENIX SKY HARBOR,03/16/2024,84.9,53.9,0.0,8.0,16.5,10.0
KSEA,SEATTLE TACOMA INTL,03/16/2024,59.1,51.3,0.0,7.9,16.5,10.0
KSFO,SAN FRANCISCO INTL,03/16/2024,81.5,61.7,0.0,5.4,12.0,10.0
KATL,ATLANTA HARTSFIELD INTL,03/17/2024,61.8,50.8,0.26,9.7,16.2,10.0
KDEN,DENVER INTL AP,03/17/2024,65.8,33.8,0.0,10.6,16.2,10.0
KJFK,NEW YORK JFK INTL AP,03/17/2024,67.4,49.1,0.1,5.3,13.8,10.0
KLAX,LOS ANGELES INTL AP,03/17/2024,82.0,68.3,0.0,11.6,18.5,10.0
KMIA,MIAMI INTERNATIONAL AP,03/17/2024,94.7,83.6,0.42,4.1,12.1,10.0
KORD,CHICAGO OHARE INTL AP,03/17/2024,50.0,27.3,0.0,4.4,9.5,10.0
KPHX,PHOENIX SKY HARBOR,03/17/2024,85.3,59.4,0.52,11.3,20.9,10.0
KSEA,SEATTLE TACOMA INTL,03/17/2024,68.9,48.6,0.24,4.5,8.8,10.0
KSFO,SAN FRANCISCO INTL,03/17/2024,70.7,61.7,0.0,7.5,15.9,10.0
KATL,ATLANTA HARTSFIELD INTL,03/18/2024,65.4,41.8,0.0,10.7,16.2,10.0
KDEN,DENVER INTL AP,03/18/2024,55.1,39.8,0.16,11.0,18.6,10.0
KDFW,DALLAS FT WORTH INTL,03/18/2024,66.2,48.5,0.0,5.6,11.0,10.0
KJFK,NEW YORK JFK INTL AP,03/18/2024,60.6,49.5,0.0,8.6,17.2,10.0
KLAX,LOS ANGELES INTL AP,03/18/2024,78.9,70.6,0.69,4.4,13.4,10.0
KMIA,MIAMI INTERNATIONAL AP,03/18/2024,98.2,73.7,0.0,11.1,14.6,10.0
KORD,CHICAGO OHARE INTL AP,03/18/2024,48.7,34.1,0.0,11.0,15.6,10.0
KPHX,PHOENIX SKY HARBOR,03/18/2024,75.7,,0.0,9.0,16.1,10.0
KSEA,SEATTLE TACOMA INTL,03/18/2024,58.1,53.1,0.0,7.8,14.1,10.0
KSFO,SAN FRANCISCO INTL,03/18/2024,76.0,55.6,0.45,11.2,15.3,10.0
KATL,ATLANTA HARTSFIELD INTL,03/19/2024,71.0,46.2,0.0,6.2,11.8,10.0
KDEN,DENVER INTL AP,03/19/2024,54.8,39.1,0.0,4.7,12.4,10.0
KDFW,DALLAS FT WORTH INTL,03/19/2024,72.7,55.4,0.0,6.7,16.1,10.0
KJFK,NEW YORK JFK INTL AP,03/19/2024,63.2,53.0,0.08,11.6,14.6,10.0
KLAX,LOS ANGELES INTL AP,03/19/2024,88.4,64.6,,4.1,8.3,1.0
KMIA,MIAMI INTERNATIONAL AP,03/19/2024,83.5,77.8,0.0,7.0,12.1,10.0
KPHX,PHOENIX SKY HARBOR,03/19/2024,81.6,59.8,0.0,5.1,13.4,10.0
KSEA,SEATTLE TACOMA INTL,03/19/2024,48.0,43.0,0.0,9.7,12.8,10.0
KSFO,SAN FRANCISCO INTL,03/19/2024,76.0,63.8,0.0,9.1,13.6,10.0
KATL,ATLANTA HARTSFIELD INTL,03/20/2024,65.5,51.0,0.0,4.5,14.2,10.0
KDEN,DENVER INTL AP,03/20/2024,46.6,32.6,0.0,8.9,16.2,10.0
KDFW,DALLAS FT WORTH INTL,03/20/2024,63.1,47.6,0.0,6.5,15.9,10.0
KJFK,NEW YORK JFK INTL AP,03/20/2024,47.6,40.1,0.66,7.9,14.2,10.0
KLAX,LOS ANGELES INTL AP,03/20/2024,84.8,64.3,0.0,9.7,15.2,10.0
KMIA,MIAMI INTERNATIONAL AP,03/20/2024,90.5,78.0,0.11,11.6,15.5,10.0
KORD,CHICAGO OHARE INTL AP,03/20/2024,41.0,36.0,0.0,5.7,8.8,10.0
KPHX,PHOENIX SKY HARBOR,03/20/2024,88.6,59.8,0.0,11.1,14.5,10.0
KSEA,SEATTLE TACOMA INTL,03/20/2024,60.9,51.0,0.0,7.4,13.0,10.0
KSFO,SAN FRANCISCO INTL,03/20/2024,64.9,59.9,0.0,9.2,18.9,10.0
KDEN,DENVER INTL AP,03/21/2024,52.3,30.7,0.48,,12.8,10.0
KDFW,DALLAS FT WORTH INTL,03/21/2024,70.7,48.2,0.49,6.7,12.0,10.0
KJFK,NEW YORK JFK INTL AP,03/21/2024,55.6,46.8,0.0,5.6,13.9,10.0
KLAX,LOS ANGELES INTL AP,03/21/2024,73.2,65.7,0.0,5.4,10.7,10.0
KMIA,MIAMI INTERNATIONAL AP,03/21/2024,84.1,67.0,1.3,28.3,48.7,2.1
KORD,CHICAGO OHARE INTL AP,03/21/2024,51.2,37.0,0.06,7.2,10.6,10.0
KPHX,PHOENIX SKY HARBOR,03/21/2024,83.3,50.0,0.62,6.2,11.2,10.0
KSEA,SEATTLE TACOMA INTL,03/21/2024,70.5,47.5,0.62,11.2,16.3,10.0
KSFO,SAN FRANCISCO INTL,03/21/2024,72.2,67.2,0.0,11.1,20.1,10.0
KATL,ATLANTA HARTSFIELD INTL,03/22/2024,72.6,47.6,0.33,7.7,13.1,10.0
KDEN,DENVER INTL AP,03/22/2024,64.8,34.2,0.0,8.3,16.1,10.0
KDFW,DALLAS FT WORTH INTL,03/22/2024,69.9,59.4,0.0,11.0,20.9,10.0
KJFK,NEW YORK JFK INTL AP,03/22/2024,58.5,43.8,0.0,8.4,14.2,10.0
KLAX,LOS ANGELES INTL AP,03/22/2024,86.9,73.4,,4.9,8.9,3.8
KMIA,MIAMI INTERNATIONAL AP,03/22/2024,82.7,77.7,0.0,4.7,9.4,10.0
KORD,CHICAGO OHARE INTL AP,03/22/2024,44.0,31.7,0.0,9.6,18.1,10.0
KPHX,PHOENIX SKY HARBOR,03/22/2024,86.4,58.5,0.0,9.4,12.6,10.0
KSEA,SEATTLE TACOMA INTL,03/22/2024,65.3,50.7,0.0,10.9,16.6,10.0
KSFO,SAN FRANCISCO INTL,03/22/2024,75.2,60.6,0.37,5.0,14.6,10.0
KATL,ATLANTA HARTSFIELD INTL,03/23/2024,54.3,46.8,0.69,8.7,15.2,10.0
KDEN,DENVER INTL AP,03/23/2024,52.9,35.8,0.42,9.6,17.0,10.0
KDFW,DALLAS FT WORTH INTL,03/23/2024,73.9,49.5,0.08,5.5,9.9,10.0
KJFK,NEW YORK JFK INTL AP,03/23/2024,53.6,44.2,0.0,4.1,7.5,10.0
KLAX,LOS ANGELES INTL AP,03/23/2024,94.4,65.3,0.0,8.4,15.8,10.0
KMIA,MIAMI INTERNATIONAL AP,03/23/2024,91.8,79.3,0.0,11.9,17.3,10.0
KORD,CHICAGO OHARE INTL AP,03/23/2024,53.2,32.3,0.0,6.3,10.4,10.0
KPHX,PHOENIX SKY HARBOR,03/23/2024,73.9,58.1,0.0,9.5,19.3,10.0
KSEA,SEATTLE TACOMA INTL,03/23/2024,49.3,44.3,0.0,5.3,12.5,10.0
KSFO,SAN FRANCISCO INTL,03/23/2024,70.7,55.0,,5.8,10.6,2.0
KATL,ATLANTA HARTSFIELD INTL,03/24/2024,60.8,45.6,0.0,8.2,12.0,10.0
KDEN,DENVER INTL AP,03/24/2024,54.9,34.3,0.0,8.3,12.3,10.0
KDFW,DALLAS FT WORTH INTL,03/24/2024,73.9,57.2,0.0,6.1,16.0,10.0
KJFK,NEW YORK JFK INTL AP,03/24/2024,57.9,40.7,0.0,6.1,14.6,10.0
KLAX,LOS ANGELES INTL AP,03/24/2024,,64.5,0.0,10.7,14.8,10.0
KMIA,MIAMI INTERNATIONAL AP,03/24/2024,82.6,71.1,0.0,8.8,16.7,10.0
KORD,CHICAGO OHARE INTL AP,03/24/2024,47.0,39.9,0.25,10.6,17.2,10.0
KPHX,PHOENIX SKY HARBOR,03/24/2024,85.5,61.9,0.57,4.2,11.2,10.0
KSEA,SEATTLE TACOMA INTL,03/24/2024,60.1,52.0,0.0,10.0,13.2,10.0
KSFO,SAN FRANCISCO INTL,03/24/2024,72.7,54.4,,5.8,12.0,1.1
KATL,ATLANTA HARTSFIELD INTL,03/25/2024,77.7,55.8,0.0,6.2,15.6,10.0
KDEN,DENVER INTL AP,03/25/2024,67.8,25.7,0.0,7.4,11.6,10.0
KDFW,DALLAS FT WORTH INTL,03/25/2024,64.4,55.4,0.02,10.8,19.2,10.0
KJFK,NEW YORK JFK INTL AP,03/25/2024,52.8,47.8,0.0,7.6,15.6,10.0
KLAX,LOS ANGELES INTL AP,03/25/2024,84.4,59.0,0.0,11.5,17.0,10.0
KMIA,MIAMI INTERNATIONAL AP,03/25/2024,90.1,81.1,0.24,10.6,17.5,10.0
KORD,CHICAGO OHARE INTL AP,03/25/2024,34.8,29.8,0.0,9.2,16.4,10.0
KPHX,PHOENIX SKY HARBOR,03/25/2024,80.3,61.3,0.0,4.2,10.0,10.0
KSEA,SEATTLE TACOMA INTL,03/25/2024,61.4,52.5,0.38,7.7,16.9,10.0
KSFO,SAN FRANCISCO INTL,03/25/2024,81.7,62.2,,7.1,12.2,2.2
KATL,ATLANTA HARTSFIELD INTL,03/26/2024,65.4,49.5,0.0,5.6,12.6,10.0
KDEN,DENVER INTL AP,03/26/2024,61.0,29.7,0.73,5.3,13.0,10.0
KDFW,DALLAS FT WORTH INTL,03/26/2024,63.4,,0.0,9.3,18.1,10.0
KJFK,NEW YORK JFK INTL AP,03/26/2024,69.0,41.2,0.48,10.4,15.2,10.0
KLAX,LOS ANGELES INTL AP,03/26/2024,93.1,65.2,,7.8,17.3,1.6
KMIA,MIAMI INTERNATIONAL AP,03/26/2024,92.8,75.8,0.47,11.9,19.2,10.0
KORD,CHICAGO OHARE INTL AP,03/26/2024,44.6,35.7,0.0,8.5,12.0,10.0
KPHX,PHOENIX SKY HARBOR,03/26/2024,79.4,63.9,0.0,8.1,14.6,10.0
KSEA,SEATTLE TACOMA INTL,03/26/2024,61.9,49.2,0.0,5.2,8.6,10.0
KSFO,SAN FRANCISCO INTL,03/26/2024,67.4,62.4,0.0,7.2,16.1,10.0
KATL,ATLANTA HARTSFIELD INTL,03/27/2024,73.3,54.0,0.0,5.9,12.3,10.0
KDEN,DENVER INTL AP,03/27/2024,60.8,35.8,0.03,10.8,15.6,10.0
KDFW,DALLAS FT WORTH INTL,03/27/2024,62.8,45.6,0.7,5.3,10.1,10.0
KJFK,NEW YORK JFK INTL AP,03/27/2024,58.2,43.0,0.0,9.7,18.3,10.0
KLAX,LOS ANGELES INTL AP,03/27/2024,73.9,61.5,0.0,5.6,14.0,10.0
KMIA,MIAMI INTERNATIONAL AP,03/27/2024,98.9,73.9,0.0,4.4,14.3,10.0
KORD,CHICAGO OHARE INTL AP,03/27/2024,43.0,30.9,0.0,5.9,15.8,10.0
KPHX,PHOENIX SKY HARBOR,03/27/2024,72.6,63.2,0.0,4.8,14.3,10.0
KSEA,SEATTLE TACOMA INTL,03/27/2024,67.0,52.0,0.0,5.9,8.9,10.0
KSFO,SAN FRANCISCO INTL,03/27/2024,69.0,61.8,0.0,11.4,20.8,10.0
KATL,ATLANTA HARTSFIELD INTL,03/28/2024,63.3,41.2,0.0,6.9,10.5,10.0
KDEN,DENVER INTL AP,03/28/2024,64.0,24.0,0.0,9.5,13.9,10.0
KDFW,DALLAS FT WORTH INTL,03/28/2024,50.7,,2.14,29.0,50.7,3.2
KJFK,NEW YORK JFK INTL AP,03/28/2024,50.9,44.9,0.26,7.7,11.6,10.0
KLAX,LOS ANGELES INTL AP,03/28/2024,87.0,72.4,,6.3,15.3,1.6
KMIA,MIAMI INTERNATIONAL AP,03/28/2024,96.9,75.6,0.0,9.9,13.9,10.0
KORD,CHICAGO OHARE INTL AP,03/28/2024,48.3,30.2,2.46,28.1,50.9,1.0
KPHX,PHOENIX SKY HARBOR,03/28/2024,83.5,55.0,0.0,8.6,17.7,10.0
KSEA,SEATTLE TACOMA INTL,03/28/2024,67.6,54.4,0.0,10.9,19.6,10.0
KSFO,SAN FRANCISCO INTL,03/28/2024,69.9,62.5,,5.5,9.2,2.3
KATL,ATLANTA HARTSFIELD INTL,03/29/2024,73.9,52.8,0.34,9.2,15.7,10.0
KDEN,DENVER INTL AP,03/29/2024,70.0,34.8,0.0,9.9,17.7,10.0
KDFW,DALLAS FT WORTH INTL,03/29/2024,71.8,47.9,0.0,11.8,17.5,10.0
KJFK,NEW YORK JFK INTL AP,03/29/2024,53.3,39.9,0.0,6.0,12.0,10.0
KLAX,LOS ANGELES INTL AP,03/29/2024,86.2,66.2,0.0,6.8,14.3,10.0
KMIA,MIAMI INTERNATIONAL AP,03/29/2024,87.9,76.3,0.25,10.1,14.9,10.0
KORD,CHICAGO OHARE INTL AP,03/29/2024,45.8,32.5,0.0,9.8,18.7,10.0
KPHX,PHOENIX SKY HARBOR,03/29/2024,76.1,53.3,0.0,7.9,13.9,10.0
KSEA,SEATTLE TACOMA INTL,03/29/2024,72.7,54.0,0.0,8.4,15.7,10.0
KSFO,SAN FRANCISCO INTL,03/29/2024,68.8,62.2,0.0,9.1,13.1,10.0
KATL,ATLANTA HARTSFIELD INTL,03/30/2024,82.9,,0.48,10.0,19.6,10.0
KDEN,DENVER INTL AP,03/30/2024,61.5,39.2,0.0,11.4,16.3,10.0
KDFW,DALLAS FT WORTH INTL,03/30/2024,69.8,53.7,0.66,5.6,10.7,10.0
KJFK,NEW YORK JFK INTL AP,03/30/2024,58.4,40.1,0.72,7.8,10.9,10.0
KLAX,LOS ANGELES INTL AP,03/30/2024,77.9,64.2,0.0,8.2,17.5,10.0
KMIA,MIAMI INTERNATIONAL AP,03/30/2024,90.4,85.4,0.0,6.7,10.7,10.0
KORD,CHICAGO OHARE INTL AP,03/30/2024,47.3,38.0,0.0,9.7,14.2,10.0
KPHX,PHOENIX SKY HARBOR,03/30/2024,81.7,59.4,0.0,9.5,19.4,10.0
KSEA,SEATTLE TACOMA INTL,03/30/2024,63.6,51.8,0.0,10.5,13.9,10.0
KSFO,SAN FRANCISCO INTL,03/30/2024,68.6,62.2,,9.9,18.3,1.9
KATL,ATLANTA HARTSFIELD INTL,03/31/2024,69.6,44.2,0.14,8.4,12.4,10.0
KDEN,DENVER INTL AP,03/31/2024,50.9,37.0,0.0,7.7,11.0,10.0
KDFW,DALLAS FT WORTH INTL,03/31/2024,74.8,49.7,0.26,9.3,14.9,10.0
KJFK,NEW YORK JFK INTL AP,03/31/2024,43.8,38.8,0.0,4.1,11.5,10.0
KLAX,LOS ANGELES INTL AP,03/31/2024,82.5,62.0,0.0,9.9,19.6,10.0
KMIA,MIAMI INTERNATIONAL AP,03/31/2024,90.5,85.5,0.0,11.7,21.1,10.0
KORD,CHICAGO OHARE INTL AP,03/31/2024,50.4,30.9,0.55,7.8,16.4,10.0
KPHX,PHOENIX SKY HARBOR,03/31/2024,90.6,64.6,0.0,8.1,16.9,10.0
KSEA,SEATTLE TACOMA INTL,03/31/2024,64.6,52.5,0.04,7.1,16.7,10.0
KSFO,SAN FRANCISCO INTL,03/31/2024,78.3,64.2,,9.0,14.1,2.5
KJFK,NEW YORK JFK INTL AP,2024-03-10,62.0,36.8,0.21,8.6,14.9,10.0
